status,ball,soc_pin_name,net_name,candidate_signals,source_line,match_reason,interface_key,db_signal_name,db_device_pin_name,db_interface_name,dts_offset,mux_mode,linux_macro,result,confidence
OUT_OF_SCOPE,A1,VSS_P,GND,VSS_P,U1-A1 AM6412-VSS_P POWER,no DB row,,,,,,,,OUT_OF_SCOPE,HIGH
NON_PINCTRL_HW,A12,TDO,N15446243,TDO,U1-A12 AM6412-TDO OUTPUT,soc_pin_name:TDO; system/reset/debug/clock hardware fact,MCU_DEBUG0,TDO,TDO,MCU_DEBUG0,0x0074,0,AM64X_MCU_IOPAD,NON_PINCTRL_HW,HIGH
MATCHED,A18,I2C0_SCL,I2C0_SCL,I2C0_SCL,U1-A18 AM6412-I2C0_SCL PASSIVE,soc_pin_name:I2C0_SCL; ball + TI symbol pin name matched SysConfig DB,I2C0,I2C0_SCL,I2C0_SCL,I2C0,0x0260,0,AM64X_IOPAD,PINMUX_DTS,HIGH
PRE_LINUX_CONFIG,A2,DDR0_DQ1,LPDDR4_DQ1,DDR0_DQ1,U1-A2 AM6412-DDR0_DQ1 PASSIVE,soc_pin_name:DDR0_DQ1; pre-Linux controller or PHY domain,DDR0,DDR0_DQ1,DDR0_DQ1,DDR0,NOT FOUND,0,AM64X_IOPAD,PRE_LINUX_CONFIG,HIGH
NON_PINCTRL_HW,A20,MCU_SAFETY_ERRORN,N15985628,MCU_SAFETY_ERRORN,U1-A20 AM6412-MCU_SAFETY_ERRORN PASSIVE,soc_pin_name:MCU_SAFETY_ERRORN; system/reset/debug/clock hardware fact,MCU_SYSTEM0,MCU_SAFETY_ERRORn,MCU_SAFETY_ERRORn,MCU_SYSTEM0,0x0064,0,AM64X_MCU_IOPAD,NON_PINCTRL_HW,HIGH
OUT_OF_SCOPE,A21,VSS_P,GND,VSS_P,U1-A21 AM6412-VSS_P POWER,no DB row,,,,,,,,OUT_OF_SCOPE,HIGH
PRE_LINUX_CONFIG,A3,DDR0_DQ0,LPDDR4_DQ0,DDR0_DQ0,U1-A3 AM6412-DDR0_DQ0 PASSIVE,soc_pin_name:DDR0_DQ0; pre-Linux controller or PHY domain,DDR0,DDR0_DQ0,DDR0_DQ0,DDR0,NOT FOUND,0,AM64X_IOPAD,PRE_LINUX_CONFIG,HIGH
PRE_LINUX_CONFIG,A4,DDR0_DQ3,LPDDR4_DQ3,DDR0_DQ3,U1-A4 AM6412-DDR0_DQ3 PASSIVE,soc_pin_name:DDR0_DQ3; pre-Linux controller or PHY domain,DDR0,DDR0_DQ3,DDR0_DQ3,DDR0,NOT FOUND,0,AM64X_IOPAD,PRE_LINUX_CONFIG,HIGH
OUT_OF_SCOPE,A5,VSS_P,GND,VSS_P,U1-A5 AM6412-VSS_P POWER,no DB row,,,,,,,,OUT_OF_SCOPE,HIGH
OUT_OF_SCOPE,A6,VSS_P,GND,VSS_P,U1-A6 AM6412-VSS_P POWER,no DB row,,,,,,,,OUT_OF_SCOPE,HIGH
MATCHED,A7,MCU_SPI1_CS0,TEST_LED2,MCU_GPIO0_5,U1-A7 AM6412-MCU_SPI1_CS0 PASSIVE,board_mux_decision:test_led2_gpio_on_a7; explicit board-level override,MCU_GPIO0,MCU_GPIO0_5,MCU_SPI1_CS0,MCU_GPIO0,0x0014,7,AM64X_MCU_IOPAD,PINMUX_DTS,HIGH
MATCHED,A8,MCU_UART0_TXD,MCU_UART0_TXD,MCU_UART0_TXD,U1-A8 AM6412-MCU_UART0_TXD PASSIVE,soc_pin_name:MCU_UART0_TXD; ball + TI symbol pin name matched SysConfig DB,MCU_UART0,MCU_UART0_TXD,MCU_UART0_TXD,MCU_USART0,0x002c,0,AM64X_MCU_IOPAD,PINMUX_DTS,HIGH
MATCHED,A9,MCU_UART0_RXD,MCU_UART0_RXD,MCU_UART0_RXD,U1-A9 AM6412-MCU_UART0_RXD PASSIVE,soc_pin_name:MCU_UART0_RXD; ball + TI symbol pin name matched SysConfig DB,MCU_UART0,MCU_UART0_RXD,MCU_UART0_RXD,MCU_USART0,0x0028,0,AM64X_MCU_IOPAD,PINMUX_DTS,HIGH
OUT_OF_SCOPE,AA1,VSS_P,GND,VSS_P,U1-AA1 AM6412-VSS_P POWER,no DB row,,,,,,,,OUT_OF_SCOPE,HIGH
MATCHED,AA10,PRG1_PRU1_GPO11,CPSW_RGMII2_TXD0,PRG1_PRU1_GPO11,U1-AA10 AM6412-PRG1_PRU1_GPO11 PASSIVE,soc_pin_name:PRG1_PRU1_GPO11; ball + TI symbol pin name matched SysConfig DB,PRU_ICSSG1_PRU1,PRG1_PRU1_GPO11,PRG1_PRU1_GPO11,PRU_ICSSG1_PRU1,0x0134,0,AM64X_IOPAD,PINMUX_DTS,HIGH
MATCHED,AA11,PRG1_PRU1_GPO14,CPSW_RGMII2_TXD3,PRG1_PRU1_GPO14,U1-AA11 AM6412-PRG1_PRU1_GPO14 PASSIVE,soc_pin_name:PRG1_PRU1_GPO14; ball + TI symbol pin name matched SysConfig DB,PRU_ICSSG1_PRU1,PRG1_PRU1_GPO14,PRG1_PRU1_GPO14,PRU_ICSSG1_PRU1,0x0140,0,AM64X_IOPAD,PINMUX_DTS,HIGH
MATCHED,AA12,PRG1_PRU1_GPO2,CPSW_RGMII2_RXD2,PRG1_PRU1_GPO2,U1-AA12 AM6412-PRG1_PRU1_GPO2 PASSIVE,soc_pin_name:PRG1_PRU1_GPO2; ball + TI symbol pin name matched SysConfig DB,PRU_ICSSG1_PRU1,PRG1_PRU1_GPO2,PRG1_PRU1_GPO2,PRU_ICSSG1_PRU1,0x0110,0,AM64X_IOPAD,PINMUX_DTS,HIGH
MATCHED,AA13,PRG1_PRU1_GPO5,CPSW_RGMII1_RXD0,PRG1_PRU1_GPO5,U1-AA13 AM6412-PRG1_PRU1_GPO5 PASSIVE,soc_pin_name:PRG1_PRU1_GPO5; ball + TI symbol pin name matched SysConfig DB,PRU_ICSSG1_PRU1,PRG1_PRU1_GPO5,PRG1_PRU1_GPO5,PRU_ICSSG1_PRU1,0x011c,0,AM64X_IOPAD,PINMUX_DTS,HIGH
MATCHED,AA14,PRG1_PRU1_GPO17,CPSW_RGMII1_TXD3,PRG1_PRU1_GPO17,U1-AA14 AM6412-PRG1_PRU1_GPO17 PASSIVE,soc_pin_name:PRG1_PRU1_GPO17; ball + TI symbol pin name matched SysConfig DB,PRU_ICSSG1_PRU1,PRG1_PRU1_GPO17,PRG1_PRU1_GPO17,PRU_ICSSG1_PRU1,0x014c,0,AM64X_IOPAD,PINMUX_DTS,HIGH
OUT_OF_SCOPE,AA15,VSS_P,GND,VSS_P,U1-AA15 AM6412-VSS_P POWER,no DB row,,,,,,,,OUT_OF_SCOPE,HIGH
OUT_OF_SCOPE,AA16,SERDES0_TX0_N,N16158623,SERDES0_TX0_N,U1-AA16 AM6412-SERDES0_TX0_N PASSIVE,no DB row,,,,,,,,OUT_OF_SCOPE,HIGH
OUT_OF_SCOPE,AA17,SERDES0_TX0_P,N16158619,SERDES0_TX0_P,U1-AA17 AM6412-SERDES0_TX0_P PASSIVE,no DB row,,,,,,,,OUT_OF_SCOPE,HIGH
OUT_OF_SCOPE,AA18,VSS_P,GND,VSS_P,U1-AA18 AM6412-VSS_P POWER,no DB row,,,,,,,,OUT_OF_SCOPE,HIGH
PRE_LINUX_CONFIG,AA19,USB0_DP,USB0_DP,USB0_DP,U1-AA19 AM6412-USB0_DP PASSIVE,soc_pin_name:USB0_DP; pre-Linux controller or PHY domain,USB0,USB0_DP,USB0_DP,USB0,NOT FOUND,0,AM64X_IOPAD,PRE_LINUX_CONFIG,HIGH
ALT_FUNCTION_REVIEW,AA2,PRG0_PRU0_GPO4,GPMC0_A1,PRG0_PRU0_GPO4,U1-AA2 AM6412-PRG0_PRU0_GPO4 PASSIVE,soc_pin_name:PRG0_PRU0_GPO4; alternate function hinted by net name on same ball,PRU_ICSSG0_PRU0,PRG0_PRU0_GPO4,PRG0_PRU0_GPO4,PRU_ICSSG0_PRU0,0x0170,0,AM64X_IOPAD,ALT_FUNCTION_REVIEW,MEDIUM
PRE_LINUX_CONFIG,AA20,USB0_DM,USB0_DM,USB0_DM,U1-AA20 AM6412-USB0_DM PASSIVE,soc_pin_name:USB0_DM; pre-Linux controller or PHY domain,USB0,USB0_DM,USB0_DM,USB0,NOT FOUND,0,AM64X_IOPAD,PRE_LINUX_CONFIG,HIGH
OUT_OF_SCOPE,AA21,VSS_P,GND,VSS_P,U1-AA21 AM6412-VSS_P POWER,no DB row,,,,,,,,OUT_OF_SCOPE,HIGH
MATCHED,AA7,PRG1_PRU0_GPO6,PMIC_STBY,PRG1_PRU0_GPO6,U1-AA7 AM6412-PRG1_PRU0_GPO6 PASSIVE,soc_pin_name:PRG1_PRU0_GPO6; ball + TI symbol pin name matched SysConfig DB,PRU_ICSSG1_PRU0,PRG1_PRU0_GPO6,PRG1_PRU0_GPO6,PRU_ICSSG1_PRU0,0x00d0,0,AM64X_IOPAD,PINMUX_DTS,HIGH
PRE_LINUX_CONFIG,B1,DDR0_DQS0_N,LPDDR4_DQS0_N,DDR0_DQS0_N,U1-B1 AM6412-DDR0_DQS0_N PASSIVE,soc_pin_name:DDR0_DQS0_N; pre-Linux controller or PHY domain,DDR0,DDR0_DQS0_n,DDR0_DQS0_n,DDR0,NOT FOUND,0,AM64X_IOPAD,PRE_LINUX_CONFIG,HIGH
NON_PINCTRL_HW,B11,TCK,SOC_TCK,TCK,U1-B11 AM6412-TCK INPUT,soc_pin_name:TCK; system/reset/debug/clock hardware fact,MCU_DEBUG0,TCK,TCK,MCU_DEBUG0,0x0068,0,AM64X_MCU_IOPAD,NON_PINCTRL_HW,HIGH
NON_PINCTRL_HW,B12,MCU_RESETZ,MCU_RESETZ,MCU_RESETZ,U1-B12 AM6412-MCU_RESETZ PASSIVE,soc_pin_name:MCU_RESETZ; system/reset/debug/clock hardware fact,MCU_SYSTEM0,MCU_RESETz,MCU_RESETz,MCU_SYSTEM0,0x0058,0,AM64X_MCU_IOPAD,NON_PINCTRL_HW,HIGH
NON_PINCTRL_HW,B13,MCU_RESETSTATZ,MCU_RESETSTATZ,MCU_RESETSTATZ,U1-B13 AM6412-MCU_RESETSTATZ PASSIVE,soc_pin_name:MCU_RESETSTATZ; system/reset/debug/clock hardware fact,MCU_SYSTEM0,MCU_RESETSTATz,MCU_RESETSTATz,MCU_SYSTEM0,0x0060,0,AM64X_MCU_IOPAD,NON_PINCTRL_HW,HIGH
MATCHED,B18,I2C0_SDA,I2C0_SDA,I2C0_SDA,U1-B18 AM6412-I2C0_SDA PASSIVE,soc_pin_name:I2C0_SDA; ball + TI symbol pin name matched SysConfig DB,I2C0,I2C0_SDA,I2C0_SDA,I2C0,0x0264,0,AM64X_IOPAD,PINMUX_DTS,HIGH
MATCHED,B19,I2C1_SDA,I2C1_SDA,I2C1_SDA,U1-B19 AM6412-I2C1_SDA PASSIVE,soc_pin_name:I2C1_SDA; ball + TI symbol pin name matched SysConfig DB,I2C1,I2C1_SDA,I2C1_SDA,I2C1,0x026c,0,AM64X_IOPAD,PINMUX_DTS,HIGH
PRE_LINUX_CONFIG,B2,DDR0_DM0,LPDDR4_DMI0,DDR0_DM0,U1-B2 AM6412-DDR0_DM0 PASSIVE,soc_pin_name:DDR0_DM0; pre-Linux controller or PHY domain,DDR0,DDR0_DM0,DDR0_DM0,DDR0,NOT FOUND,0,AM64X_IOPAD,PRE_LINUX_CONFIG,HIGH
NON_PINCTRL_HW,B21,MCU_PORZ,MCU_PORZ,MCU_PORZ,U1-B21 AM6412-MCU_PORZ PASSIVE,soc_pin_name:MCU_PORZ; system/reset/debug/clock hardware fact,MCU_SYSTEM0,MCU_PORz,MCU_PORz,MCU_SYSTEM0,0x005c,0,AM64X_MCU_IOPAD,NON_PINCTRL_HW,HIGH
PRE_LINUX_CONFIG,B3,DDR0_DQ4,LPDDR4_DQ4,DDR0_DQ4,U1-B3 AM6412-DDR0_DQ4 PASSIVE,soc_pin_name:DDR0_DQ4; pre-Linux controller or PHY domain,DDR0,DDR0_DQ4,DDR0_DQ4,DDR0,NOT FOUND,0,AM64X_IOPAD,PRE_LINUX_CONFIG,HIGH
PRE_LINUX_CONFIG,B4,DDR0_DQ7,LPDDR4_DQ7,DDR0_DQ7,U1-B4 AM6412-DDR0_DQ7 PASSIVE,soc_pin_name:DDR0_DQ7; pre-Linux controller or PHY domain,DDR0,DDR0_DQ7,DDR0_DQ7,DDR0,NOT FOUND,0,AM64X_IOPAD,PRE_LINUX_CONFIG,HIGH
PRE_LINUX_CONFIG,B5,DDR0_DQ2,LPDDR4_DQ2,DDR0_DQ2,U1-B5 AM6412-DDR0_DQ2 PASSIVE,soc_pin_name:DDR0_DQ2; pre-Linux controller or PHY domain,DDR0,DDR0_DQ2,DDR0_DQ2,DDR0,NOT FOUND,0,AM64X_IOPAD,PRE_LINUX_CONFIG,HIGH
PRE_LINUX_CONFIG,C1,DDR0_DQS0,LPDDR4_DQS0_P,DDR0_DQS0,U1-C1 AM6412-DDR0_DQS0 PASSIVE,soc_pin_name:DDR0_DQS0; pre-Linux controller or PHY domain,DDR0,DDR0_DQS0,DDR0_DQS0,DDR0,NOT FOUND,0,AM64X_IOPAD,PRE_LINUX_CONFIG,HIGH
OUT_OF_SCOPE,C10,VSS_P,GND,VSS_P,U1-C10 AM6412-VSS_P POWER,no DB row,,,,,,,,OUT_OF_SCOPE,HIGH
NON_PINCTRL_HW,C11,TDI,SOC_TDI,TDI,U1-C11 AM6412-TDI INPUT,soc_pin_name:TDI; system/reset/debug/clock hardware fact,MCU_DEBUG0,TDI,TDI,MCU_DEBUG0,0x0070,0,AM64X_MCU_IOPAD,NON_PINCTRL_HW,HIGH
NON_PINCTRL_HW,C12,TMS,SOC_TMS,TMS,U1-C12 AM6412-TMS PASSIVE,soc_pin_name:TMS; system/reset/debug/clock hardware fact,MCU_DEBUG0,TMS,TMS,MCU_DEBUG0,0x0078,0,AM64X_MCU_IOPAD,NON_PINCTRL_HW,HIGH
OUT_OF_SCOPE,C15,VSS_P,GND,VSS_P,U1-C15 AM6412-VSS_P POWER,no DB row,,,,,,,,OUT_OF_SCOPE,HIGH
MATCHED,C16,UART0_TXD,SOC_UART0_TXD,UART0_TXD,U1-C16 AM6412-UART0_TXD PASSIVE,soc_pin_name:UART0_TXD; ball + TI symbol pin name matched SysConfig DB,UART0,UART0_TXD,UART0_TXD,USART0,0x0234,0,AM64X_IOPAD,PINMUX_DTS,HIGH
MATCHED,C18,I2C1_SCL,I2C1_SCL,I2C1_SCL,U1-C18 AM6412-I2C1_SCL PASSIVE,soc_pin_name:I2C1_SCL; ball + TI symbol pin name matched SysConfig DB,I2C1,I2C1_SCL,I2C1_SCL,I2C1,0x0268,0,AM64X_IOPAD,PINMUX_DTS,HIGH
NON_PINCTRL_HW,C19,EXTINTN,N15985259,EXTINTN,U1-C19 AM6412-EXTINTN PASSIVE,soc_pin_name:EXTINTN; system/reset/debug/clock hardware fact,SYSTEM0,EXTINTn,EXTINTn,SYSTEM0,0x0278,0,AM64X_IOPAD,NON_PINCTRL_HW,HIGH
PRE_LINUX_CONFIG,C2,DDR0_DQ6,LPDDR4_DQ6,DDR0_DQ6,U1-C2 AM6412-DDR0_DQ6 PASSIVE,soc_pin_name:DDR0_DQ6; pre-Linux controller or PHY domain,DDR0,DDR0_DQ6,DDR0_DQ6,DDR0,NOT FOUND,0,AM64X_IOPAD,PRE_LINUX_CONFIG,HIGH
NON_PINCTRL_HW,C21,MCU_OSC0_XI,MCU_CLK_25MHZ,MCU_OSC0_XI,U1-C21 AM6412-MCU_OSC0_XI PASSIVE,soc_pin_name:MCU_OSC0_XI; system/reset/debug/clock hardware fact,MCU_OSC0,MCU_OSC0_XI,MCU_OSC0_XI,MCU_OSC0,NOT FOUND,0,AM64X_MCU_IOPAD,NON_PINCTRL_HW,HIGH
OUT_OF_SCOPE,C3,VSS_P,GND,VSS_P,U1-C3 AM6412-VSS_P POWER,no DB row,,,,,,,,OUT_OF_SCOPE,HIGH
PRE_LINUX_CONFIG,C4,DDR0_DQ5,LPDDR4_DQ5,DDR0_DQ5,U1-C4 AM6412-DDR0_DQ5 PASSIVE,soc_pin_name:DDR0_DQ5; pre-Linux controller or PHY domain,DDR0,DDR0_DQ5,DDR0_DQ5,DDR0,NOT FOUND,0,AM64X_IOPAD,PRE_LINUX_CONFIG,HIGH
PRE_LINUX_CONFIG,C5,DDR0_A1,LPDDR4_CA1,DDR0_A1,U1-C5 AM6412-DDR0_A1 PASSIVE,soc_pin_name:DDR0_A1; pre-Linux controller or PHY domain,DDR0,DDR0_A1,DDR0_A1,DDR0,NOT FOUND,0,AM64X_IOPAD,PRE_LINUX_CONFIG,HIGH
OUT_OF_SCOPE,D1,VSS_P,GND,VSS_P,U1-D1 AM6412-VSS_P POWER,no DB row,,,,,,,,OUT_OF_SCOPE,HIGH
NON_PINCTRL_HW,D10,EMU0,SOC_EMU0,EMU0,U1-D10 AM6412-EMU0 PASSIVE,soc_pin_name:EMU0; system/reset/debug/clock hardware fact,MCU_DEBUG0,EMU0,EMU0,MCU_DEBUG0,0x007c,0,AM64X_MCU_IOPAD,NON_PINCTRL_HW,HIGH
NON_PINCTRL_HW,D11,TRSTN,SOC_TRSTN,TRSTN,U1-D11 AM6412-TRSTN PASSIVE,soc_pin_name:TRSTN; system/reset/debug/clock hardware fact,MCU_DEBUG0,TRSTn,TRSTn,MCU_DEBUG0,0x006c,0,AM64X_MCU_IOPAD,NON_PINCTRL_HW,HIGH
MATCHED,D15,UART0_RXD,SOC_UART0_RXD,UART0_RXD,U1-D15 AM6412-UART0_RXD PASSIVE,soc_pin_name:UART0_RXD; ball + TI symbol pin name matched SysConfig DB,UART0,UART0_RXD,UART0_RXD,USART0,0x0230,0,AM64X_IOPAD,PINMUX_DTS,HIGH
PRE_LINUX_CONFIG,D2,DDR0_A0,LPDDR4_CA0,DDR0_A0,U1-D2 AM6412-DDR0_A0 PASSIVE,soc_pin_name:DDR0_A0; pre-Linux controller or PHY domain,DDR0,DDR0_A0,DDR0_A0,DDR0,NOT FOUND,0,AM64X_IOPAD,PRE_LINUX_CONFIG,HIGH
PRE_LINUX_CONFIG,D3,DDR0_A4,LPDDR4_CA4,DDR0_A4,U1-D3 AM6412-DDR0_A4 PASSIVE,soc_pin_name:DDR0_A4; pre-Linux controller or PHY domain,DDR0,DDR0_A4,DDR0_A4,DDR0,NOT FOUND,0,AM64X_IOPAD,PRE_LINUX_CONFIG,HIGH
PRE_LINUX_CONFIG,D4,DDR0_A3,LPDDR4_CA3,DDR0_A3,U1-D4 AM6412-DDR0_A3 PASSIVE,soc_pin_name:DDR0_A3; pre-Linux controller or PHY domain,DDR0,DDR0_A3,DDR0_A3,DDR0,NOT FOUND,0,AM64X_IOPAD,PRE_LINUX_CONFIG,HIGH
PRE_LINUX_CONFIG,D5,DDR0_RESET0_N,LPDDR4_RESETN,DDR0_RESET0_N,U1-D5 AM6412-DDR0_RESET0_N PASSIVE,soc_pin_name:DDR0_RESET0_N; pre-Linux controller or PHY domain,DDR0,DDR0_RESET0_n,DDR0_RESET0_n,DDR0,NOT FOUND,0,AM64X_IOPAD,PRE_LINUX_CONFIG,HIGH
PRE_LINUX_CONFIG,E1,DDR0_CK0_N,LPDDR4_CK0_N,DDR0_CK0_N,U1-E1 AM6412-DDR0_CK0_N PASSIVE,soc_pin_name:DDR0_CK0_N; pre-Linux controller or PHY domain,DDR0,DDR0_CK0_n,DDR0_CK0_n,DDR0,NOT FOUND,0,AM64X_IOPAD,PRE_LINUX_CONFIG,HIGH
NON_PINCTRL_HW,E10,EMU1,SOC_EMU1,EMU1,U1-E10 AM6412-EMU1 PASSIVE,soc_pin_name:EMU1; system/reset/debug/clock hardware fact,MCU_DEBUG0,EMU1,EMU1,MCU_DEBUG0,0x0080,0,AM64X_MCU_IOPAD,NON_PINCTRL_HW,HIGH
OUT_OF_SCOPE,E11,VSS_P,GND,VSS_P,U1-E11 AM6412-VSS_P POWER,no DB row,,,,,,,,OUT_OF_SCOPE,HIGH
OUT_OF_SCOPE,E12,VMON_1P8_SOC,SOC_DVDD1V8,VMON_1P8_SOC,U1-E12 AM6412-VMON_1P8_SOC POWER,no DB row,,,,,,,,OUT_OF_SCOPE,HIGH
OUT_OF_SCOPE,E13,VSS_P,GND,VSS_P,U1-E13 AM6412-VSS_P POWER,no DB row,,,,,,,,OUT_OF_SCOPE,HIGH
MATCHED,E14,UART1_TXD,SOC_UART1_TXD,UART1_TXD,U1-E14 AM6412-UART1_TXD PASSIVE,soc_pin_name:UART1_TXD; ball + TI symbol pin name matched SysConfig DB,UART1,UART1_TXD,UART1_TXD,USART1,0x0244,0,AM64X_IOPAD,PINMUX_DTS,HIGH
MATCHED,E15,UART1_RXD,SOC_UART1_RXD,UART1_RXD,U1-E15 AM6412-UART1_RXD PASSIVE,soc_pin_name:UART1_RXD; ball + TI symbol pin name matched SysConfig DB,UART1,UART1_RXD,UART1_RXD,USART1,0x0240,0,AM64X_IOPAD,PINMUX_DTS,HIGH
NON_PINCTRL_HW,E17,PORZ_OUT,SOC_PORZ_OUT,PORZ_OUT,U1-E17 AM6412-PORZ_OUT PASSIVE,soc_pin_name:PORZ_OUT; system/reset/debug/clock hardware fact,SYSTEM0,PORz_OUT,PORz_OUT,SYSTEM0,0x02ac,0,AM64X_IOPAD,NON_PINCTRL_HW,HIGH
NON_PINCTRL_HW,E18,RESET_REQZ,SOC_RESET_REQZ,RESET_REQZ,U1-E18 AM6412-RESET_REQZ PASSIVE,soc_pin_name:RESET_REQZ; system/reset/debug/clock hardware fact,SYSTEM0,RESET_REQz,RESET_REQz,SYSTEM0,0x02a0,0,AM64X_IOPAD,NON_PINCTRL_HW,HIGH
PRE_LINUX_CONFIG,E19,USB0_DRVVBUS,USB0_DRVBUS,USB0_DRVVBUS,U1-E19 AM6412-USB0_DRVVBUS PASSIVE,soc_pin_name:USB0_DRVVBUS; pre-Linux controller or PHY domain,USB0,USB0_DRVVBUS,USB0_DRVVBUS,USB0,0x02a8,0,AM64X_IOPAD,PRE_LINUX_CONFIG,HIGH
PRE_LINUX_CONFIG,E2,DDR0_A2,LPDDR4_CA2,DDR0_A2,U1-E2 AM6412-DDR0_A2 PASSIVE,soc_pin_name:DDR0_A2; pre-Linux controller or PHY domain,DDR0,DDR0_A2,DDR0_A2,DDR0,NOT FOUND,0,AM64X_IOPAD,PRE_LINUX_CONFIG,HIGH
PRE_LINUX_CONFIG,E3,DDR0_CS0_N,LPDDR4_CS0N,DDR0_CS0_N,U1-E3 AM6412-DDR0_CS0_N PASSIVE,soc_pin_name:DDR0_CS0_N; pre-Linux controller or PHY domain,DDR0,DDR0_CS0_n,DDR0_CS0_n,DDR0,NOT FOUND,0,AM64X_IOPAD,PRE_LINUX_CONFIG,HIGH
PRE_LINUX_CONFIG,E4,DDR0_CS1_N,LPDDR4_CS1N,DDR0_CS1_N,U1-E4 AM6412-DDR0_CS1_N PASSIVE,soc_pin_name:DDR0_CS1_N; pre-Linux controller or PHY domain,DDR0,DDR0_CS1_n,DDR0_CS1_n,DDR0,NOT FOUND,0,AM64X_IOPAD,PRE_LINUX_CONFIG,HIGH
PRE_LINUX_CONFIG,F1,DDR0_CK0,LPDDR4_CK0_P,DDR0_CK0,U1-F1 AM6412-DDR0_CK0 PASSIVE,soc_pin_name:DDR0_CK0; pre-Linux controller or PHY domain,DDR0,DDR0_CK0,DDR0_CK0,DDR0,NOT FOUND,0,AM64X_IOPAD,PRE_LINUX_CONFIG,HIGH
OUT_OF_SCOPE,F10,VSS_P,GND,VSS_P,U1-F10 AM6412-VSS_P POWER,no DB row,,,,,,,,OUT_OF_SCOPE,HIGH
OUT_OF_SCOPE,F11,VDDSHV0_O,SOC_DVDD3V3,VDDSHV0_O,U1-F11 AM6412-VDDSHV0_O POWER,no DB row,,,,,,,,OUT_OF_SCOPE,HIGH
OUT_OF_SCOPE,F13,VMON_3P3_MCU,SOC_DVDD3V3,VMON_3P3_MCU,U1-F13 AM6412-VMON_3P3_MCU POWER,no DB row,,,,,,,,OUT_OF_SCOPE,HIGH
OUT_OF_SCOPE,F14,VMON_3P3_SOC,SOC_DVDD3V3,VMON_3P3_SOC,U1-F14 AM6412-VMON_3P3_SOC POWER,no DB row,,,,,,,,OUT_OF_SCOPE,HIGH
OUT_OF_SCOPE,F15,VSS_P,GND,VSS_P,U1-F15 AM6412-VSS_P POWER,no DB row,,,,,,,,OUT_OF_SCOPE,HIGH
NON_PINCTRL_HW,F16,RESETSTATZ,SOC_RESETSTATZ,RESETSTATZ,U1-F16 AM6412-RESETSTATZ PASSIVE,soc_pin_name:RESETSTATZ; system/reset/debug/clock hardware fact,SYSTEM0,RESETSTATz,RESETSTATz,SYSTEM0,0x02a4,0,AM64X_IOPAD,NON_PINCTRL_HW,HIGH
CONTROLLER_DTS,F18,MMC0_CALPAD,N104390,MMC0_CALPAD,U1-F18 AM6412-MMC0_CALPAD PASSIVE,soc_pin_name:MMC0_CALPAD; controller-only DTS path without padconfig,MMC0,MMC0_CALPAD,MMC0_CALPAD,MMC0,NOT FOUND,0,AM64X_IOPAD,CONTROLLER_DTS,HIGH
PRE_LINUX_CONFIG,F2,DDR0_A5,LPDDR4_CA5,DDR0_A5,U1-F2 AM6412-DDR0_A5 PASSIVE,soc_pin_name:DDR0_A5; pre-Linux controller or PHY domain,DDR0,DDR0_A5,DDR0_A5,DDR0,NOT FOUND,0,AM64X_IOPAD,PRE_LINUX_CONFIG,HIGH
PRE_LINUX_CONFIG,F4,DDR0_CKE0,LPDDR4_CKE0,DDR0_CKE0,U1-F4 AM6412-DDR0_CKE0 PASSIVE,soc_pin_name:DDR0_CKE0; pre-Linux controller or PHY domain,DDR0,DDR0_CKE0,DDR0_CKE0,DDR0,NOT FOUND,0,AM64X_IOPAD,PRE_LINUX_CONFIG,HIGH
OUT_OF_SCOPE,F7,VDDS_DDR_O,VDD_LPDDR4,VDDS_DDR_O,U1-F7 AM6412-VDDS_DDR_O POWER,no DB row,,,,,,,,OUT_OF_SCOPE,HIGH
OUT_OF_SCOPE,F8,VSS_P,GND,VSS_P,U1-F8 AM6412-VSS_P POWER,no DB row,,,,,,,,OUT_OF_SCOPE,HIGH
OUT_OF_SCOPE,F9,VDDSHV_MCU_O,SOC_DVDD3V3,VDDSHV_MCU_O,U1-F9 AM6412-VDDSHV_MCU_O POWER,no DB row,,,,,,,,OUT_OF_SCOPE,HIGH
OUT_OF_SCOPE,G1,VSS_P,GND,VSS_P,U1-G1 AM6412-VSS_P POWER,no DB row,,,,,,,,OUT_OF_SCOPE,HIGH
OUT_OF_SCOPE,G10,VDDSHV_MCU_O,SOC_DVDD3V3,VDDSHV_MCU_O,U1-G10 AM6412-VDDSHV_MCU_O POWER,no DB row,,,,,,,,OUT_OF_SCOPE,HIGH
OUT_OF_SCOPE,G11,VDDA_TEMP0,VDDA_1V8,VDDA_TEMP0,U1-G11 AM6412-VDDA_TEMP0 POWER,no DB row,,,,,,,,OUT_OF_SCOPE,HIGH
OUT_OF_SCOPE,G12,VDDSHV0_O,SOC_DVDD3V3,VDDSHV0_O,U1-G12 AM6412-VDDSHV0_O POWER,no DB row,,,,,,,,OUT_OF_SCOPE,HIGH
OUT_OF_SCOPE,G14,VDDSHV0_O,SOC_DVDD3V3,VDDSHV0_O,U1-G14 AM6412-VDDSHV0_O POWER,no DB row,,,,,,,,OUT_OF_SCOPE,HIGH
OUT_OF_SCOPE,G15,VPP,VPP_1V8,VPP,U1-G15 AM6412-VPP POWER,no DB row,,,,,,,,OUT_OF_SCOPE,HIGH
OUT_OF_SCOPE,G16,VSS_P,GND,VSS_P,U1-G16 AM6412-VSS_P POWER,no DB row,,,,,,,,OUT_OF_SCOPE,HIGH
CONTROLLER_DTS,G17,MMC0_DAT7,MMC0_DAT7,MMC0_DAT7,U1-G17 AM6412-MMC0_DAT7 PASSIVE,soc_pin_name:MMC0_DAT7; controller-only DTS path without padconfig,MMC0,MMC0_DAT7,MMC0_DAT7,MMC0,NOT FOUND,0,AM64X_IOPAD,CONTROLLER_DTS,HIGH
CONTROLLER_DTS,G18,MMC0_CLK,N98147,MMC0_CLK,U1-G18 AM6412-MMC0_CLK PASSIVE,soc_pin_name:MMC0_CLK; controller-only DTS path without padconfig,MMC0,MMC0_CLK,MMC0_CLK,MMC0,NOT FOUND,0,AM64X_IOPAD,CONTROLLER_DTS,HIGH
CONTROLLER_DTS,G19,MMC0_DS,MMC0_DS,MMC0_DS,U1-G19 AM6412-MMC0_DS PASSIVE,soc_pin_name:MMC0_DS; controller-only DTS path without padconfig,MMC0,MMC0_DS,MMC0_DS,MMC0,NOT FOUND,0,AM64X_IOPAD,CONTROLLER_DTS,HIGH
OUT_OF_SCOPE,G3,VSS_P,GND,VSS_P,U1-G3 AM6412-VSS_P POWER,no DB row,,,,,,,,OUT_OF_SCOPE,HIGH
OUT_OF_SCOPE,G6,VDDS_DDR_O,VDD_LPDDR4,VDDS_DDR_O,U1-G6 AM6412-VDDS_DDR_O POWER,no DB row,,,,,,,,OUT_OF_SCOPE,HIGH
OUT_OF_SCOPE,G7,VSS_P,GND,VSS_P,U1-G7 AM6412-VSS_P POWER,no DB row,,,,,,,,OUT_OF_SCOPE,HIGH
OUT_OF_SCOPE,G8,VDDSHV_MCU_O,SOC_DVDD3V3,VDDSHV_MCU_O,U1-G8 AM6412-VDDSHV_MCU_O POWER,no DB row,,,,,,,,OUT_OF_SCOPE,HIGH
OUT_OF_SCOPE,G9,VSS_P,GND,VSS_P,U1-G9 AM6412-VSS_P POWER,no DB row,,,,,,,,OUT_OF_SCOPE,HIGH
OUT_OF_SCOPE,H10,CAP_VDDS_MCU,CAP_VDDS_MCU,CAP_VDDS_MCU,U1-H10 AM6412-CAP_VDDS_MCU POWER,no DB row,,,,,,,,OUT_OF_SCOPE,HIGH
OUT_OF_SCOPE,H11,VSS_P,GND,VSS_P,U1-H11 AM6412-VSS_P POWER,no DB row,,,,,,,,OUT_OF_SCOPE,HIGH
OUT_OF_SCOPE,H12,CAP_VDDS0,CAP_VDDS0,CAP_VDDS0,U1-H12 AM6412-CAP_VDDS0 POWER,no DB row,,,,,,,,OUT_OF_SCOPE,HIGH
OUT_OF_SCOPE,H13,VDDS_OSC,VDDA_1V8,VDDS_OSC,U1-H13 AM6412-VDDS_OSC POWER,no DB row,,,,,,,,OUT_OF_SCOPE,HIGH
OUT_OF_SCOPE,H14,VDD_DLL_MMC0,VDD_DLL_MMC0,VDD_DLL_MMC0,U1-H14 AM6412-VDD_DLL_MMC0 POWER,no DB row,,,,,,,,OUT_OF_SCOPE,HIGH
OUT_OF_SCOPE,H15,VDDA_3P3_SDIO,VDD_MMC1,VDDA_3P3_SDIO,U1-H15 AM6412-VDDA_3P3_SDIO POWER,no DB row,,,,,,,,OUT_OF_SCOPE,HIGH
CONTROLLER_DTS,H17,MMC0_DAT4,MMC0_DAT4,MMC0_DAT4,U1-H17 AM6412-MMC0_DAT4 PASSIVE,soc_pin_name:MMC0_DAT4; controller-only DTS path without padconfig,MMC0,MMC0_DAT4,MMC0_DAT4,MMC0,NOT FOUND,0,AM64X_IOPAD,CONTROLLER_DTS,HIGH
CONTROLLER_DTS,H18,MMC0_DAT6,MMC0_DAT6,MMC0_DAT6,U1-H18 AM6412-MMC0_DAT6 PASSIVE,soc_pin_name:MMC0_DAT6; controller-only DTS path without padconfig,MMC0,MMC0_DAT6,MMC0_DAT6,MMC0,NOT FOUND,0,AM64X_IOPAD,CONTROLLER_DTS,HIGH
CONTROLLER_DTS,H19,MMC0_DAT5,MMC0_DAT5,MMC0_DAT5,U1-H19 AM6412-MMC0_DAT5 PASSIVE,soc_pin_name:MMC0_DAT5; controller-only DTS path without padconfig,MMC0,MMC0_DAT5,MMC0_DAT5,MMC0,NOT FOUND,0,AM64X_IOPAD,CONTROLLER_DTS,HIGH
OUT_OF_SCOPE,H20,VSS_P,GND,VSS_P,U1-H20 AM6412-VSS_P POWER,no DB row,,,,,,,,OUT_OF_SCOPE,HIGH
OUT_OF_SCOPE,H21,VSS_P,GND,VSS_P,U1-H21 AM6412-VSS_P POWER,no DB row,,,,,,,,OUT_OF_SCOPE,HIGH
PRE_LINUX_CONFIG,H5,DDR0_CAL0,LPDDR4_CAL0,DDR0_CAL0,U1-H5 AM6412-DDR0_CAL0 PASSIVE,soc_pin_name:DDR0_CAL0; pre-Linux controller or PHY domain,DDR0,DDR0_CAL0,DDR0_CAL0,DDR0,NOT FOUND,0,AM64X_IOPAD,PRE_LINUX_CONFIG,HIGH
OUT_OF_SCOPE,H6,VSS_P,GND,VSS_P,U1-H6 AM6412-VSS_P POWER,no DB row,,,,,,,,OUT_OF_SCOPE,HIGH
OUT_OF_SCOPE,H7,VDDS_DDR_O,VDD_LPDDR4,VDDS_DDR_O,U1-H7 AM6412-VDDS_DDR_O POWER,no DB row,,,,,,,,OUT_OF_SCOPE,HIGH
OUT_OF_SCOPE,H8,VSS_P,GND,VSS_P,U1-H8 AM6412-VSS_P POWER,no DB row,,,,,,,,OUT_OF_SCOPE,HIGH
OUT_OF_SCOPE,H9,VDDA_PLL1,VDDA_PLL1,VDDA_PLL1,U1-H9 AM6412-VDDA_PLL1 POWER,no DB row,,,,,,,,OUT_OF_SCOPE,HIGH
OUT_OF_SCOPE,J10,VDD_CORE_O,VDD_CORE,VDD_CORE_O,U1-J10 AM6412-VDD_CORE_O POWER,no DB row,,,,,,,,OUT_OF_SCOPE,HIGH
OUT_OF_SCOPE,J11,VDDA_PLL2,VDDA_PLL2,VDDA_PLL2,U1-J11 AM6412-VDDA_PLL2 POWER,no DB row,,,,,,,,OUT_OF_SCOPE,HIGH
OUT_OF_SCOPE,J12,VDD_CORE_O,VDD_CORE,VDD_CORE_O,U1-J12 AM6412-VDD_CORE_O POWER,no DB row,,,,,,,,OUT_OF_SCOPE,HIGH
OUT_OF_SCOPE,J13,VDDA_ADC,N22467,VDDA_ADC,U1-J13 AM6412-VDDA_ADC POWER,no DB row,,,,,,,,OUT_OF_SCOPE,HIGH
OUT_OF_SCOPE,J14,VSS_P,GND,VSS_P,U1-J14 AM6412-VSS_P POWER,no DB row,,,,,,,,OUT_OF_SCOPE,HIGH
OUT_OF_SCOPE,J15,ADC0_REFP,VDDS_MMC0/ADC0_VREFP,ADC0_REFP,U1-J15 AM6412-ADC0_REFP PASSIVE,no DB row,,,,,,,,OUT_OF_SCOPE,HIGH
OUT_OF_SCOPE,J16,ADC0_REFN,GND,ADC0_REFN,U1-J16 AM6412-ADC0_REFN PASSIVE,no DB row,,,,,,,,OUT_OF_SCOPE,HIGH
CONTROLLER_DTS,J17,MMC0_DAT3,MMC0_DAT3,MMC0_DAT3,U1-J17 AM6412-MMC0_DAT3 PASSIVE,soc_pin_name:MMC0_DAT3; controller-only DTS path without padconfig,MMC0,MMC0_DAT3,MMC0_DAT3,MMC0,NOT FOUND,0,AM64X_IOPAD,CONTROLLER_DTS,HIGH
CONTROLLER_DTS,J18,MMC0_DAT2,MMC0_DAT2,MMC0_DAT2,U1-J18 AM6412-MMC0_DAT2 PASSIVE,soc_pin_name:MMC0_DAT2; controller-only DTS path without padconfig,MMC0,MMC0_DAT2,MMC0_DAT2,MMC0,NOT FOUND,0,AM64X_IOPAD,CONTROLLER_DTS,HIGH
CONTROLLER_DTS,J20,MMC0_DAT1,MMC0_DAT1,MMC0_DAT1,U1-J20 AM6412-MMC0_DAT1 PASSIVE,soc_pin_name:MMC0_DAT1; controller-only DTS path without padconfig,MMC0,MMC0_DAT1,MMC0_DAT1,MMC0,NOT FOUND,0,AM64X_IOPAD,CONTROLLER_DTS,HIGH
CONTROLLER_DTS,J21,MMC0_CMD,MMC0_CMD,MMC0_CMD,U1-J21 AM6412-MMC0_CMD PASSIVE,soc_pin_name:MMC0_CMD; controller-only DTS path without padconfig,MMC0,MMC0_CMD,MMC0_CMD,MMC0,NOT FOUND,0,AM64X_IOPAD,CONTROLLER_DTS,HIGH
OUT_OF_SCOPE,J6,VDDS_DDR_O,VDD_LPDDR4,VDDS_DDR_O,U1-J6 AM6412-VDDS_DDR_O POWER,no DB row,,,,,,,,OUT_OF_SCOPE,HIGH
OUT_OF_SCOPE,J7,VSS_P,GND,VSS_P,U1-J7 AM6412-VSS_P POWER,no DB row,,,,,,,,OUT_OF_SCOPE,HIGH
OUT_OF_SCOPE,J8,VDDS_DDR_C,VDD_LPDDR4,VDDS_DDR_C,U1-J8 AM6412-VDDS_DDR_C POWER,no DB row,,,,,,,,OUT_OF_SCOPE,HIGH
OUT_OF_SCOPE,J9,VSS_P,GND,VSS_P,U1-J9 AM6412-VSS_P POWER,no DB row,,,,,,,,OUT_OF_SCOPE,HIGH
OUT_OF_SCOPE,K10,VMON_VSYS,VDDA_SYS_MON,VMON_VSYS,U1-K10 AM6412-VMON_VSYS POWER,no DB row,,,,,,,,OUT_OF_SCOPE,HIGH
OUT_OF_SCOPE,K11,VDD_CORE_O,VDD_CORE,VDD_CORE_O,U1-K11 AM6412-VDD_CORE_O POWER,no DB row,,,,,,,,OUT_OF_SCOPE,HIGH
OUT_OF_SCOPE,K12,VDDA_MCU,VDDA_1V8_MCU,VDDA_MCU,U1-K12 AM6412-VDDA_MCU POWER,no DB row,,,,,,,,OUT_OF_SCOPE,HIGH
OUT_OF_SCOPE,K13,VDD_MMC0,VDDAR_CORE,VDD_MMC0,U1-K13 AM6412-VDD_MMC0 POWER,no DB row,,,,,,,,OUT_OF_SCOPE,HIGH
OUT_OF_SCOPE,K14,VDDS_MMC0,SOC_DVDD1V8,VDDS_MMC0,U1-K14 AM6412-VDDS_MMC0 POWER,no DB row,,,,,,,,OUT_OF_SCOPE,HIGH
OUT_OF_SCOPE,K15,CAP_VDDSHV_MMC1,VDDSHV_SD_IO_SOC,CAP_VDDSHV_MMC1,U1-K15 AM6412-CAP_VDDSHV_MMC1 POWER,no DB row,,,,,,,,OUT_OF_SCOPE,HIGH
OUT_OF_SCOPE,K16,VMON_1P8_MCU,SOC_DVDD1V8,VMON_1P8_MCU,U1-K16 AM6412-VMON_1P8_MCU POWER,no DB row,,,,,,,,OUT_OF_SCOPE,HIGH
MATCHED,K17,OSPI0_CSN2,GPIO_OSPI_RSTN,GPIO0_13,U1-K17 AM6412-OSPI0_CSN2 PASSIVE,board_mux_decision:ospi_reset_gpio_on_ospi0_csn2; explicit board-level override,GPIO0,GPIO0_13,OSPI0_CSn2,GPIO0,0x0034,7,AM64X_IOPAD,PINMUX_DTS,MEDIUM
MATCHED,K19,MMC1_DAT2,SOC_UART2_TXD,UART2_TXD,U1-K19 AM6412-MMC1_DAT2 PASSIVE,board_mux_decision:soc_uart2_txd_on_mmc1_dat2; explicit board-level override,UART2,UART2_TXD,MMC1_DAT2,USART2,0x0280,3,AM64X_IOPAD,PINMUX_DTS,HIGH
CONTROLLER_DTS,K20,MMC0_DAT0,MMC0_DAT0,MMC0_DAT0,U1-K20 AM6412-MMC0_DAT0 PASSIVE,soc_pin_name:MMC0_DAT0; controller-only DTS path without padconfig,MMC0,MMC0_DAT0,MMC0_DAT0,MMC0,NOT FOUND,0,AM64X_IOPAD,CONTROLLER_DTS,HIGH
OUT_OF_SCOPE,K6,VSS_P,GND,VSS_P,U1-K6 AM6412-VSS_P POWER,no DB row,,,,,,,,OUT_OF_SCOPE,HIGH
OUT_OF_SCOPE,K7,VDDS_DDR_O,VDD_LPDDR4,VDDS_DDR_O,U1-K7 AM6412-VDDS_DDR_O POWER,no DB row,,,,,,,,OUT_OF_SCOPE,HIGH
OUT_OF_SCOPE,K8,VSS_P,GND,VSS_P,U1-K8 AM6412-VSS_P POWER,no DB row,,,,,,,,OUT_OF_SCOPE,HIGH
OUT_OF_SCOPE,K9,VDD_CORE_O,VDD_CORE,VDD_CORE_O,U1-K9 AM6412-VDD_CORE_O POWER,no DB row,,,,,,,,OUT_OF_SCOPE,HIGH
OUT_OF_SCOPE,L1,VSS_P,GND,VSS_P,U1-L1 AM6412-VSS_P POWER,no DB row,,,,,,,,OUT_OF_SCOPE,HIGH
OUT_OF_SCOPE,L10,VDDR_CORE_O,VDDAR_CORE,VDDR_CORE_O,U1-L10 AM6412-VDDR_CORE_O POWER,no DB row,,,,,,,,OUT_OF_SCOPE,HIGH
OUT_OF_SCOPE,L11,VDDA_TEMP1,VDDA_1V8,VDDA_TEMP1,U1-L11 AM6412-VDDA_TEMP1 POWER,no DB row,,,,,,,,OUT_OF_SCOPE,HIGH
OUT_OF_SCOPE,L12,VDD_CORE_O,VDD_CORE,VDD_CORE_O,U1-L12 AM6412-VDD_CORE_O POWER,no DB row,,,,,,,,OUT_OF_SCOPE,HIGH
OUT_OF_SCOPE,L13,CAP_VDDS5,CAP_VDDS5,CAP_VDDS5,U1-L13 AM6412-CAP_VDDS5 POWER,no DB row,,,,,,,,OUT_OF_SCOPE,HIGH
OUT_OF_SCOPE,L14,VDDSHV5_O,VDDSHV_SD_IO,VDDSHV5_O,U1-L14 AM6412-VDDSHV5_O POWER,no DB row,,,,,,,,OUT_OF_SCOPE,HIGH
OUT_OF_SCOPE,L15,VDDSHV5_O,VDDSHV_SD_IO,VDDSHV5_O,U1-L15 AM6412-VDDSHV5_O POWER,no DB row,,,,,,,,OUT_OF_SCOPE,HIGH
OUT_OF_SCOPE,L16,VSS_P,GND,VSS_P,U1-L16 AM6412-VSS_P POWER,no DB row,,,,,,,,OUT_OF_SCOPE,HIGH
MATCHED,L17,OSPI0_CSN3,OSPI_INTN,GPIO0_14,U1-L17 AM6412-OSPI0_CSN3 PASSIVE,board_mux_decision:ospi_interrupt_gpio_on_ospi0_csn3; explicit board-level override,GPIO0,GPIO0_14,OSPI0_CSn3,GPIO0,0x0038,7,AM64X_IOPAD,PINMUX_DTS,MEDIUM
MATCHED,L19,OSPI0_CSN0,N105076,OSPI0_CSN0,U1-L19 AM6412-OSPI0_CSN0 PASSIVE,soc_pin_name:OSPI0_CSN0; ball + TI symbol pin name matched SysConfig DB,OSPI0,OSPI0_CSn0,OSPI0_CSn0,OSPI0,0x002c,0,AM64X_IOPAD,PINMUX_DTS,HIGH
PRE_LINUX_CONFIG,L2,DDR0_DQ10,LPDDR4_DQ10,DDR0_DQ10,U1-L2 AM6412-DDR0_DQ10 PASSIVE,soc_pin_name:DDR0_DQ10; pre-Linux controller or PHY domain,DDR0,DDR0_DQ10,DDR0_DQ10,DDR0,NOT FOUND,0,AM64X_IOPAD,PRE_LINUX_CONFIG,HIGH
OUT_OF_SCOPE,L3,VSS_P,GND,VSS_P,U1-L3 AM6412-VSS_P POWER,no DB row,,,,,,,,OUT_OF_SCOPE,HIGH
PRE_LINUX_CONFIG,L4,DDR0_DQ9,LPDDR4_DQ9,DDR0_DQ9,U1-L4 AM6412-DDR0_DQ9 PASSIVE,soc_pin_name:DDR0_DQ9; pre-Linux controller or PHY domain,DDR0,DDR0_DQ9,DDR0_DQ9,DDR0,NOT FOUND,0,AM64X_IOPAD,PRE_LINUX_CONFIG,HIGH
OUT_OF_SCOPE,L6,VDDS_DDR_O,VDD_LPDDR4,VDDS_DDR_O,U1-L6 AM6412-VDDS_DDR_O POWER,no DB row,,,,,,,,OUT_OF_SCOPE,HIGH
OUT_OF_SCOPE,L7,VSS_P,GND,VSS_P,U1-L7 AM6412-VSS_P POWER,no DB row,,,,,,,,OUT_OF_SCOPE,HIGH
OUT_OF_SCOPE,L8,VDD_CORE_O,VDD_CORE,VDD_CORE_O,U1-L8 AM6412-VDD_CORE_O POWER,no DB row,,,,,,,,OUT_OF_SCOPE,HIGH
OUT_OF_SCOPE,L9,VSS_P,GND,VSS_P,U1-L9 AM6412-VSS_P POWER,no DB row,,,,,,,,OUT_OF_SCOPE,HIGH
PRE_LINUX_CONFIG,M1,DDR0_DQS1_N,LPDDR4_DQS1_N,DDR0_DQS1_N,U1-M1 AM6412-DDR0_DQS1_N PASSIVE,soc_pin_name:DDR0_DQS1_N; pre-Linux controller or PHY domain,DDR0,DDR0_DQS1_n,DDR0_DQS1_n,DDR0,NOT FOUND,0,AM64X_IOPAD,PRE_LINUX_CONFIG,HIGH
OUT_OF_SCOPE,M10,VSS_P,GND,VSS_P,U1-M10 AM6412-VSS_P POWER,no DB row,,,,,,,,OUT_OF_SCOPE,HIGH
OUT_OF_SCOPE,M11,VDD_CORE_O,VDD_CORE,VDD_CORE_O,U1-M11 AM6412-VDD_CORE_O POWER,no DB row,,,,,,,,OUT_OF_SCOPE,HIGH
OUT_OF_SCOPE,M12,VSS_P,GND,VSS_P,U1-M12 AM6412-VSS_P POWER,no DB row,,,,,,,,OUT_OF_SCOPE,HIGH
OUT_OF_SCOPE,M13,VDDR_CORE_O,VDDAR_CORE,VDDR_CORE_O,U1-M13 AM6412-VDDR_CORE_O POWER,no DB row,,,,,,,,OUT_OF_SCOPE,HIGH
OUT_OF_SCOPE,M14,VDDSHV4_O,SOC_DVDD1V8,VDDSHV4_O,U1-M14 AM6412-VDDSHV4_O POWER,no DB row,,,,,,,,OUT_OF_SCOPE,HIGH
OUT_OF_SCOPE,M15,VDDSHV4_O,SOC_DVDD1V8,VDDSHV4_O,U1-M15 AM6412-VDDSHV4_O POWER,no DB row,,,,,,,,OUT_OF_SCOPE,HIGH
OUT_OF_SCOPE,M16,CAP_VDDS4,CAP_VDDS4,CAP_VDDS4,U1-M16 AM6412-CAP_VDDS4 POWER,no DB row,,,,,,,,OUT_OF_SCOPE,HIGH
MATCHED,M17,OSPI0_D7,OSPI_DQ7,OSPI0_D7,U1-M17 AM6412-OSPI0_D7 PASSIVE,soc_pin_name:OSPI0_D7; ball + TI symbol pin name matched SysConfig DB,OSPI0,OSPI0_D7,OSPI0_D7,OSPI0,0x0028,0,AM64X_IOPAD,PINMUX_DTS,HIGH
MATCHED,M18,OSPI0_D1,OSPI_DQ1,OSPI0_D1,U1-M18 AM6412-OSPI0_D1 PASSIVE,soc_pin_name:OSPI0_D1; ball + TI symbol pin name matched SysConfig DB,OSPI0,OSPI0_D1,OSPI0_D1,OSPI0,0x0010,0,AM64X_IOPAD,PINMUX_DTS,HIGH
MATCHED,M19,OSPI0_D0,OSPI_DQ0,OSPI0_D0,U1-M19 AM6412-OSPI0_D0 PASSIVE,soc_pin_name:OSPI0_D0; ball + TI symbol pin name matched SysConfig DB,OSPI0,OSPI0_D0,OSPI0_D0,OSPI0,0x000c,0,AM64X_IOPAD,PINMUX_DTS,HIGH
PRE_LINUX_CONFIG,M2,DDR0_DM1,LPDDR4_DMI1,DDR0_DM1,U1-M2 AM6412-DDR0_DM1 PASSIVE,soc_pin_name:DDR0_DM1; pre-Linux controller or PHY domain,DDR0,DDR0_DM1,DDR0_DM1,DDR0,NOT FOUND,0,AM64X_IOPAD,PRE_LINUX_CONFIG,HIGH
MATCHED,M20,OSPI0_D2,OSPI_DQ2,OSPI0_D2,U1-M20 AM6412-OSPI0_D2 PASSIVE,soc_pin_name:OSPI0_D2; ball + TI symbol pin name matched SysConfig DB,OSPI0,OSPI0_D2,OSPI0_D2,OSPI0,0x0014,0,AM64X_IOPAD,PINMUX_DTS,HIGH
MATCHED,M21,OSPI0_D3,OSPI_DQ3,OSPI0_D3,U1-M21 AM6412-OSPI0_D3 PASSIVE,soc_pin_name:OSPI0_D3; ball + TI symbol pin name matched SysConfig DB,OSPI0,OSPI0_D3,OSPI0_D3,OSPI0,0x0018,0,AM64X_IOPAD,PINMUX_DTS,HIGH
PRE_LINUX_CONFIG,M3,DDR0_DQ11,LPDDR4_DQ11,DDR0_DQ11,U1-M3 AM6412-DDR0_DQ11 PASSIVE,soc_pin_name:DDR0_DQ11; pre-Linux controller or PHY domain,DDR0,DDR0_DQ11,DDR0_DQ11,DDR0,NOT FOUND,0,AM64X_IOPAD,PRE_LINUX_CONFIG,HIGH
PRE_LINUX_CONFIG,M4,DDR0_DQ14,LPDDR4_DQ14,DDR0_DQ14,U1-M4 AM6412-DDR0_DQ14 PASSIVE,soc_pin_name:DDR0_DQ14; pre-Linux controller or PHY domain,DDR0,DDR0_DQ14,DDR0_DQ14,DDR0,NOT FOUND,0,AM64X_IOPAD,PRE_LINUX_CONFIG,HIGH
OUT_OF_SCOPE,M6,VSS_P,GND,VSS_P,U1-M6 AM6412-VSS_P POWER,no DB row,,,,,,,,OUT_OF_SCOPE,HIGH
OUT_OF_SCOPE,M7,VDDSHV1_O,SOC_DVDD3V3,VDDSHV1_O,U1-M7 AM6412-VDDSHV1_O POWER,no DB row,,,,,,,,OUT_OF_SCOPE,HIGH
OUT_OF_SCOPE,M8,VSS_P,GND,VSS_P,U1-M8 AM6412-VSS_P POWER,no DB row,,,,,,,,OUT_OF_SCOPE,HIGH
OUT_OF_SCOPE,M9,VDD_CORE_O,VDD_CORE,VDD_CORE_O,U1-M9 AM6412-VDD_CORE_O POWER,no DB row,,,,,,,,OUT_OF_SCOPE,HIGH
PRE_LINUX_CONFIG,N1,DDR0_DQS1,LPDDR4_DQS1_P,DDR0_DQS1,U1-N1 AM6412-DDR0_DQS1 PASSIVE,soc_pin_name:DDR0_DQS1; pre-Linux controller or PHY domain,DDR0,DDR0_DQS1,DDR0_DQS1,DDR0,NOT FOUND,0,AM64X_IOPAD,PRE_LINUX_CONFIG,HIGH
OUT_OF_SCOPE,N10,VDD_CORE_O,VDD_CORE,VDD_CORE_O,U1-N10 AM6412-VDD_CORE_O POWER,no DB row,,,,,,,,OUT_OF_SCOPE,HIGH
OUT_OF_SCOPE,N11,VSS_P,GND,VSS_P,U1-N11 AM6412-VSS_P POWER,no DB row,,,,,,,,OUT_OF_SCOPE,HIGH
OUT_OF_SCOPE,N12,VDDA_PLL0,VDDA_PLL0,VDDA_PLL0,U1-N12 AM6412-VDDA_PLL0 POWER,no DB row,,,,,,,,OUT_OF_SCOPE,HIGH
OUT_OF_SCOPE,N13,VSS_P,GND,VSS_P,U1-N13 AM6412-VSS_P POWER,no DB row,,,,,,,,OUT_OF_SCOPE,HIGH
OUT_OF_SCOPE,N14,CAP_VDDS3,CAP_VDDS3,CAP_VDDS3,U1-N14 AM6412-CAP_VDDS3 POWER,no DB row,,,,,,,,OUT_OF_SCOPE,HIGH
OUT_OF_SCOPE,N15,VSS_P,GND,VSS_P,U1-N15 AM6412-VSS_P POWER,no DB row,,,,,,,,OUT_OF_SCOPE,HIGH
MATCHED,N18,OSPI0_D6,OSPI_DQ6,OSPI0_D6,U1-N18 AM6412-OSPI0_D6 PASSIVE,soc_pin_name:OSPI0_D6; ball + TI symbol pin name matched SysConfig DB,OSPI0,OSPI0_D6,OSPI0_D6,OSPI0,0x0024,0,AM64X_IOPAD,PINMUX_DTS,HIGH
MATCHED,N19,OSPI0_DQS,OSPI_DQS,OSPI0_DQS,U1-N19 AM6412-OSPI0_DQS PASSIVE,soc_pin_name:OSPI0_DQS; ball + TI symbol pin name matched SysConfig DB,OSPI0,OSPI0_DQS,OSPI0_DQS,OSPI0,0x0008,0,AM64X_IOPAD,PINMUX_DTS,HIGH
PRE_LINUX_CONFIG,N2,DDR0_DQ15,LPDDR4_DQ15,DDR0_DQ15,U1-N2 AM6412-DDR0_DQ15 PASSIVE,soc_pin_name:DDR0_DQ15; pre-Linux controller or PHY domain,DDR0,DDR0_DQ15,DDR0_DQ15,DDR0,NOT FOUND,0,AM64X_IOPAD,PRE_LINUX_CONFIG,HIGH
MATCHED,N20,OSPI0_CLK,OSPI_CLK,OSPI0_CLK,U1-N20 AM6412-OSPI0_CLK PASSIVE,soc_pin_name:OSPI0_CLK; ball + TI symbol pin name matched SysConfig DB,OSPI0,OSPI0_CLK,OSPI0_CLK,OSPI0,0x0000,0,AM64X_IOPAD,PINMUX_DTS,HIGH
MATCHED,N21,OSPI0_LBCLKO,N105198,OSPI0_LBCLKO,U1-N21 AM6412-OSPI0_LBCLKO PASSIVE,soc_pin_name:OSPI0_LBCLKO; ball + TI symbol pin name matched SysConfig DB,OSPI0,OSPI0_LBCLKO,OSPI0_LBCLKO,OSPI0,0x0004,0,AM64X_IOPAD,PINMUX_DTS,HIGH
PRE_LINUX_CONFIG,N3,DDR0_DQ13,LPDDR4_DQ13,DDR0_DQ13,U1-N3 AM6412-DDR0_DQ13 PASSIVE,soc_pin_name:DDR0_DQ13; pre-Linux controller or PHY domain,DDR0,DDR0_DQ13,DDR0_DQ13,DDR0,NOT FOUND,0,AM64X_IOPAD,PRE_LINUX_CONFIG,HIGH
PRE_LINUX_CONFIG,N4,DDR0_DQ12,LPDDR4_DQ12,DDR0_DQ12,U1-N4 AM6412-DDR0_DQ12 PASSIVE,soc_pin_name:DDR0_DQ12; pre-Linux controller or PHY domain,DDR0,DDR0_DQ12,DDR0_DQ12,DDR0,NOT FOUND,0,AM64X_IOPAD,PRE_LINUX_CONFIG,HIGH
PRE_LINUX_CONFIG,N5,DDR0_DQ8,LPDDR4_DQ8,DDR0_DQ8,U1-N5 AM6412-DDR0_DQ8 PASSIVE,soc_pin_name:DDR0_DQ8; pre-Linux controller or PHY domain,DDR0,DDR0_DQ8,DDR0_DQ8,DDR0,NOT FOUND,0,AM64X_IOPAD,PRE_LINUX_CONFIG,HIGH
OUT_OF_SCOPE,N6,VDDSHV1_O,SOC_DVDD3V3,VDDSHV1_O,U1-N6 AM6412-VDDSHV1_O POWER,no DB row,,,,,,,,OUT_OF_SCOPE,HIGH
OUT_OF_SCOPE,N7,VSS_P,GND,VSS_P,U1-N7 AM6412-VSS_P POWER,no DB row,,,,,,,,OUT_OF_SCOPE,HIGH
OUT_OF_SCOPE,N8,VDD_CORE_O,VDD_CORE,VDD_CORE_O,U1-N8 AM6412-VDD_CORE_O POWER,no DB row,,,,,,,,OUT_OF_SCOPE,HIGH
OUT_OF_SCOPE,N9,VSS_P,GND,VSS_P,U1-N9 AM6412-VSS_P POWER,no DB row,,,,,,,,OUT_OF_SCOPE,HIGH
OUT_OF_SCOPE,P1,VSS_P,GND,VSS_P,U1-P1 AM6412-VSS_P POWER,no DB row,,,,,,,,OUT_OF_SCOPE,HIGH
OUT_OF_SCOPE,P10,VSS_P,GND,VSS_P,U1-P10 AM6412-VSS_P POWER,no DB row,,,,,,,,OUT_OF_SCOPE,HIGH
OUT_OF_SCOPE,P11,VDDA_0P85_SERDES0_C,VDDAR_0P85_SERDES0,VDDA_0P85_SERDES0_C,U1-P11 AM6412-VDDA_0P85_SERDES0_C POWER,no DB row,,,,,,,,OUT_OF_SCOPE,HIGH
OUT_OF_SCOPE,P12,VDDA_0P85_SERDES0_O,VDDAR_0P85_SERDES0,VDDA_0P85_SERDES0_O,U1-P12 AM6412-VDDA_0P85_SERDES0_O POWER,no DB row,,,,,,,,OUT_OF_SCOPE,HIGH
OUT_OF_SCOPE,P13,VDDA_0P85_SERDES0_O,VDDAR_0P85_SERDES0,VDDA_0P85_SERDES0_O,U1-P13 AM6412-VDDA_0P85_SERDES0_O POWER,no DB row,,,,,,,,OUT_OF_SCOPE,HIGH
OUT_OF_SCOPE,P14,VDDSHV3_O,SOC_DVDD3V3,VDDSHV3_O,U1-P14 AM6412-VDDSHV3_O POWER,no DB row,,,,,,,,OUT_OF_SCOPE,HIGH
OUT_OF_SCOPE,P15,VDDSHV3_O,SOC_DVDD3V3,VDDSHV3_O,U1-P15 AM6412-VDDSHV3_O POWER,no DB row,,,,,,,,OUT_OF_SCOPE,HIGH
MATCHED,P17,GPMC0_BE0N_CLE,GPMC0_BE0_N,GPMC0_BE0N_CLE,U1-P17 AM6412-GPMC0_BE0N_CLE PASSIVE,soc_pin_name:GPMC0_BE0N_CLE; ball + TI symbol pin name matched SysConfig DB,GPMC0,GPMC0_BE0n_CLE,GPMC0_BE0n_CLE,GPMC0,0x0090,0,AM64X_IOPAD,PINMUX_DTS,HIGH
OUT_OF_SCOPE,P18,VSS_P,GND,VSS_P,U1-P18 AM6412-VSS_P POWER,no DB row,,,,,,,,OUT_OF_SCOPE,HIGH
MATCHED,P20,OSPI0_D5,OSPI_DQ5,OSPI0_D5,U1-P20 AM6412-OSPI0_D5 PASSIVE,soc_pin_name:OSPI0_D5; ball + TI symbol pin name matched SysConfig DB,OSPI0,OSPI0_D5,OSPI0_D5,OSPI0,0x0020,0,AM64X_IOPAD,PINMUX_DTS,HIGH
MATCHED,P21,OSPI0_D4,OSPI_DQ4,OSPI0_D4,U1-P21 AM6412-OSPI0_D4 PASSIVE,soc_pin_name:OSPI0_D4; ball + TI symbol pin name matched SysConfig DB,OSPI0,OSPI0_D4,OSPI0_D4,OSPI0,0x001c,0,AM64X_IOPAD,PINMUX_DTS,HIGH
MATCHED,P5,PRG0_PRU1_GPO18,CPSW_RGMII_MDIO,PRG0_PRU1_GPO18,U1-P5 AM6412-PRG0_PRU1_GPO18 PASSIVE,soc_pin_name:PRG0_PRU1_GPO18; ball + TI symbol pin name matched SysConfig DB,PRU_ICSSG0_PRU1,PRG0_PRU1_GPO18,PRG0_PRU1_GPO18,PRU_ICSSG0_PRU1,0x01f8,0,AM64X_IOPAD,PINMUX_DTS,HIGH
OUT_OF_SCOPE,P6,VSS_P,GND,VSS_P,U1-P6 AM6412-VSS_P POWER,no DB row,,,,,,,,OUT_OF_SCOPE,HIGH
OUT_OF_SCOPE,P7,VDDSHV1_O,SOC_DVDD3V3,VDDSHV1_O,U1-P7 AM6412-VDDSHV1_O POWER,no DB row,,,,,,,,OUT_OF_SCOPE,HIGH
OUT_OF_SCOPE,P8,VSS_P,GND,VSS_P,U1-P8 AM6412-VSS_P POWER,no DB row,,,,,,,,OUT_OF_SCOPE,HIGH
OUT_OF_SCOPE,P9,VDD_CORE_O,VDD_CORE,VDD_CORE_O,U1-P9 AM6412-VDD_CORE_O POWER,no DB row,,,,,,,,OUT_OF_SCOPE,HIGH
OUT_OF_SCOPE,R10,VDDSHV2_O,SOC_DVDD3V3,VDDSHV2_O,U1-R10 AM6412-VDDSHV2_O POWER,no DB row,,,,,,,,OUT_OF_SCOPE,HIGH
OUT_OF_SCOPE,R11,CAP_VDDS2,CAP_VDDS2,CAP_VDDS2,U1-R11 AM6412-CAP_VDDS2 POWER,no DB row,,,,,,,,OUT_OF_SCOPE,HIGH
OUT_OF_SCOPE,R12,VSS_P,GND,VSS_P,U1-R12 AM6412-VSS_P POWER,no DB row,,,,,,,,OUT_OF_SCOPE,HIGH
OUT_OF_SCOPE,R13,VDDA_3P3_USB0,SOC_DVDD3V3,VDDA_3P3_USB0,U1-R13 AM6412-VDDA_3P3_USB0 POWER,no DB row,,,,,,,,OUT_OF_SCOPE,HIGH
OUT_OF_SCOPE,R14,VDDA_1P8_SERDES0,VDDA_1V8_SERDES,VDDA_1P8_SERDES0,U1-R14 AM6412-VDDA_1P8_SERDES0 POWER,no DB row,,,,,,,,OUT_OF_SCOPE,HIGH
OUT_OF_SCOPE,R15,VDDA_1P8_USB0,VDDA_1V8_USB0,VDDA_1P8_USB0,U1-R15 AM6412-VDDA_1P8_USB0 POWER,no DB row,,,,,,,,OUT_OF_SCOPE,HIGH
MATCHED,R16,GPMC0_AD10,GPMC0_AD10,GPMC0_AD10,U1-R16 AM6412-GPMC0_AD10 PASSIVE,soc_pin_name:GPMC0_AD10; ball + TI symbol pin name matched SysConfig DB,GPMC0,GPMC0_AD10,GPMC0_AD10,GPMC0,0x0064,0,AM64X_IOPAD,PINMUX_DTS,HIGH
MATCHED,R17,GPMC0_CLK,GPMC0_CLK,GPMC0_CLK,U1-R17 AM6412-GPMC0_CLK PASSIVE,soc_pin_name:GPMC0_CLK; ball + TI symbol pin name matched SysConfig DB,GPMC0,GPMC0_CLK,GPMC0_CLK,GPMC0,0x007c,0,AM64X_IOPAD,PINMUX_DTS,HIGH
GPIO_CANDIDATE,R18,GPMC0_OEN_REN,GPMC0_OEN,GPMC0_OEN_REN,U1-R18 AM6412-GPMC0_OEN_REN PASSIVE,soc_pin_name:GPMC0_OEN_REN; net or connected circuit suggests GPIO-style usage,GPMC0,GPMC0_OEn_REn,GPMC0_OEn_REn,GPMC0,0x0088,0,AM64X_IOPAD,GPIO_CANDIDATE,MEDIUM
MATCHED,R19,GPMC0_CSN0,GPMC0_CS0N,GPMC0_CSN0,U1-R19 AM6412-GPMC0_CSN0 PASSIVE,soc_pin_name:GPMC0_CSN0; ball + TI symbol pin name matched SysConfig DB,GPMC0,GPMC0_CSn0,GPMC0_CSn0,GPMC0,0x00a8,0,AM64X_IOPAD,PINMUX_DTS,HIGH
MATCHED,R2,PRG0_PRU1_GPO19,CPSW_RGMII_MDC,PRG0_PRU1_GPO19,U1-R2 AM6412-PRG0_PRU1_GPO19 PASSIVE,soc_pin_name:PRG0_PRU1_GPO19; ball + TI symbol pin name matched SysConfig DB,PRU_ICSSG0_PRU1,PRG0_PRU1_GPO19,PRG0_PRU1_GPO19,PRU_ICSSG0_PRU1,0x01fc,0,AM64X_IOPAD,PINMUX_DTS,HIGH
OUT_OF_SCOPE,R7,VSS_P,GND,VSS_P,U1-R7 AM6412-VSS_P POWER,no DB row,,,,,,,,OUT_OF_SCOPE,HIGH
OUT_OF_SCOPE,R8,VDDSHV2_O,SOC_DVDD3V3,VDDSHV2_O,U1-R8 AM6412-VDDSHV2_O POWER,no DB row,,,,,,,,OUT_OF_SCOPE,HIGH
OUT_OF_SCOPE,R9,VSS_P,GND,VSS_P,U1-R9 AM6412-VSS_P POWER,no DB row,,,,,,,,OUT_OF_SCOPE,HIGH
OUT_OF_SCOPE,T10,VSS_P,GND,VSS_P,U1-T10 AM6412-VSS_P POWER,no DB row,,,,,,,,OUT_OF_SCOPE,HIGH
OUT_OF_SCOPE,T11,VSS_P,GND,VSS_P,U1-T11 AM6412-VSS_P POWER,no DB row,,,,,,,,OUT_OF_SCOPE,HIGH
OUT_OF_SCOPE,T12,VDDA_0P85_USB0,VDDAR_0P85_USB0,VDDA_0P85_USB0,U1-T12 AM6412-VDDA_0P85_USB0 POWER,no DB row,,,,,,,,OUT_OF_SCOPE,HIGH
OUT_OF_SCOPE,T13,SERDES0_REXT,N16159493,SERDES0_REXT,U1-T13 AM6412-SERDES0_REXT PASSIVE,soc_pin_name:SERDES0_REXT; power/ground/analog class pin,SERDES0,SERDES0_REXT,SERDES0_REXT,SERDES0,NOT FOUND,0,AM64X_IOPAD,OUT_OF_SCOPE,HIGH
PRE_LINUX_CONFIG,T14,USB0_VBUS,SOC_USB0_VBUS,USB0_VBUS,U1-T14 AM6412-USB0_VBUS PASSIVE,soc_pin_name:USB0_VBUS; pre-Linux controller or PHY domain,USB0,USB0_VBUS,USB0_VBUS,USB0,NOT FOUND,0,AM64X_IOPAD,PRE_LINUX_CONFIG,HIGH
OUT_OF_SCOPE,T15,VSS_P,GND,VSS_P,U1-T15 AM6412-VSS_P POWER,no DB row,,,,,,,,OUT_OF_SCOPE,HIGH
OUT_OF_SCOPE,T16,VSS_P,GND,VSS_P,U1-T16 AM6412-VSS_P POWER,no DB row,,,,,,,,OUT_OF_SCOPE,HIGH
MATCHED,T17,GPMC0_AD9,GPMC0_AD9,GPMC0_AD9,U1-T17 AM6412-GPMC0_AD9 PASSIVE,soc_pin_name:GPMC0_AD9; ball + TI symbol pin name matched SysConfig DB,GPMC0,GPMC0_AD9,GPMC0_AD9,GPMC0,0x0060,0,AM64X_IOPAD,PINMUX_DTS,HIGH
MATCHED,T18,GPMC0_AD2,GPMC0_AD2,GPMC0_AD2,U1-T18 AM6412-GPMC0_AD2 PASSIVE,soc_pin_name:GPMC0_AD2; ball + TI symbol pin name matched SysConfig DB,GPMC0,GPMC0_AD2,GPMC0_AD2,GPMC0,0x0044,0,AM64X_IOPAD,PINMUX_DTS,HIGH
MATCHED,T19,GPMC0_BE1N,GPMC0_BE1_N,GPMC0_BE1N,U1-T19 AM6412-GPMC0_BE1N PASSIVE,soc_pin_name:GPMC0_BE1N; ball + TI symbol pin name matched SysConfig DB,GPMC0,GPMC0_BE1n,GPMC0_BE1n,GPMC0,0x0094,0,AM64X_IOPAD,PINMUX_DTS,HIGH
ALT_FUNCTION_REVIEW,T2,PRG0_PRU0_GPO8,GPMC0_A2,PRG0_PRU0_GPO8,U1-T2 AM6412-PRG0_PRU0_GPO8 PASSIVE,soc_pin_name:PRG0_PRU0_GPO8; alternate function hinted by net name on same ball,PRU_ICSSG0_PRU0,PRG0_PRU0_GPO8,PRG0_PRU0_GPO8,PRU_ICSSG0_PRU0,0x0180,0,AM64X_IOPAD,ALT_FUNCTION_REVIEW,MEDIUM
MATCHED,T20,GPMC0_AD0,GPMC0_AD0,GPMC0_AD0,U1-T20 AM6412-GPMC0_AD0 PASSIVE,soc_pin_name:GPMC0_AD0; ball + TI symbol pin name matched SysConfig DB,GPMC0,GPMC0_AD0,GPMC0_AD0,GPMC0,0x003c,0,AM64X_IOPAD,PINMUX_DTS,HIGH
GPIO_CANDIDATE,T21,GPMC0_WEN,GPMC0_WEN,GPMC0_WEN,U1-T21 AM6412-GPMC0_WEN PASSIVE,soc_pin_name:GPMC0_WEN; net or connected circuit suggests GPIO-style usage,GPMC0,GPMC0_WEn,GPMC0_WEn,GPMC0,0x008c,0,AM64X_IOPAD,GPIO_CANDIDATE,MEDIUM
ALT_FUNCTION_REVIEW,T6,PRG0_PRU1_GPO13,GPMC0_A8,PRG0_PRU1_GPO13,U1-T6 AM6412-PRG0_PRU1_GPO13 PASSIVE,soc_pin_name:PRG0_PRU1_GPO13; alternate function hinted by net name on same ball,PRU_ICSSG0_PRU1,PRG0_PRU1_GPO13,PRG0_PRU1_GPO13,PRU_ICSSG0_PRU1,0x01e4,0,AM64X_IOPAD,ALT_FUNCTION_REVIEW,MEDIUM
OUT_OF_SCOPE,T7,CAP_VDDS1,CAP_VDDS1,CAP_VDDS1,U1-T7 AM6412-CAP_VDDS1 POWER,no DB row,,,,,,,,OUT_OF_SCOPE,HIGH
OUT_OF_SCOPE,T8,VSS_P,GND,VSS_P,U1-T8 AM6412-VSS_P POWER,no DB row,,,,,,,,OUT_OF_SCOPE,HIGH
OUT_OF_SCOPE,T9,VDDSHV2_O,SOC_DVDD3V3,VDDSHV2_O,U1-T9 AM6412-VDDSHV2_O POWER,no DB row,,,,,,,,OUT_OF_SCOPE,HIGH
MATCHED,U10,PRG1_PRU1_GPO13,CPSW_RGMII2_TXD2,PRG1_PRU1_GPO13,U1-U10 AM6412-PRG1_PRU1_GPO13 PASSIVE,soc_pin_name:PRG1_PRU1_GPO13; ball + TI symbol pin name matched SysConfig DB,PRU_ICSSG1_PRU1,PRG1_PRU1_GPO13,PRG1_PRU1_GPO13,PRU_ICSSG1_PRU1,0x013c,0,AM64X_IOPAD,PINMUX_DTS,HIGH
MATCHED,U11,PRG1_PRU1_GPO6,CPSW_RGMII2_RX_CLK,PRG1_PRU1_GPO6,U1-U11 AM6412-PRG1_PRU1_GPO6 PASSIVE,soc_pin_name:PRG1_PRU1_GPO6; ball + TI symbol pin name matched SysConfig DB,PRU_ICSSG1_PRU1,PRG1_PRU1_GPO6,PRG1_PRU1_GPO6,PRU_ICSSG1_PRU1,0x0120,0,AM64X_IOPAD,PINMUX_DTS,HIGH
MATCHED,U12,PRG1_PRU1_GPO8,CPSW_RGMII1_RXD1,PRG1_PRU1_GPO8,U1-U12 AM6412-PRG1_PRU1_GPO8 PASSIVE,soc_pin_name:PRG1_PRU1_GPO8; ball + TI symbol pin name matched SysConfig DB,PRU_ICSSG1_PRU1,PRG1_PRU1_GPO8,PRG1_PRU1_GPO8,PRU_ICSSG1_PRU1,0x0128,0,AM64X_IOPAD,PINMUX_DTS,HIGH
MATCHED,U14,PRG1_PRU0_GPO10,CPSW_RGMII1_TX_CLK,PRG1_PRU0_GPO10,U1-U14 AM6412-PRG1_PRU0_GPO10 PASSIVE,soc_pin_name:PRG1_PRU0_GPO10; ball + TI symbol pin name matched SysConfig DB,PRU_ICSSG1_PRU0,PRG1_PRU0_GPO10,PRG1_PRU0_GPO10,PRU_ICSSG1_PRU0,0x00e0,0,AM64X_IOPAD,PINMUX_DTS,HIGH
GPIO_CANDIDATE,U15,PRG1_PRU0_GPO9,CPSW_RGMII1_TX_CTRL,PRG1_PRU0_GPO9,U1-U15 AM6412-PRG1_PRU0_GPO9 PASSIVE,soc_pin_name:PRG1_PRU0_GPO9; net or connected circuit suggests GPIO-style usage,PRU_ICSSG1_PRU0,PRG1_PRU0_GPO9,PRG1_PRU0_GPO9,PRU_ICSSG1_PRU0,0x00dc,0,AM64X_IOPAD,GPIO_CANDIDATE,MEDIUM
PRE_LINUX_CONFIG,U16,USB0_ID,USB0_ID,USB0_ID,U1-U16 AM6412-USB0_ID PASSIVE,soc_pin_name:USB0_ID; pre-Linux controller or PHY domain,USB0,USB0_ID,USB0_ID,USB0,NOT FOUND,0,AM64X_IOPAD,PRE_LINUX_CONFIG,HIGH
PRE_LINUX_CONFIG,U17,USB0_RCALIB,USB0_RCALIB,USB0_RCALIB,U1-U17 AM6412-USB0_RCALIB PASSIVE,soc_pin_name:USB0_RCALIB; pre-Linux controller or PHY domain,USB0,USB0_RCALIB,USB0_RCALIB,USB0,NOT FOUND,0,AM64X_IOPAD,PRE_LINUX_CONFIG,HIGH
MATCHED,U18,GPMC0_AD4,GPMC0_AD4,GPMC0_AD4,U1-U18 AM6412-GPMC0_AD4 PASSIVE,soc_pin_name:GPMC0_AD4; ball + TI symbol pin name matched SysConfig DB,GPMC0,GPMC0_AD4,GPMC0_AD4,GPMC0,0x004c,0,AM64X_IOPAD,PINMUX_DTS,HIGH
MATCHED,U19,GPMC0_AD5,GPMC0_AD5,GPMC0_AD5,U1-U19 AM6412-GPMC0_AD5 PASSIVE,soc_pin_name:GPMC0_AD5; ball + TI symbol pin name matched SysConfig DB,GPMC0,GPMC0_AD5,GPMC0_AD5,GPMC0,0x0050,0,AM64X_IOPAD,PINMUX_DTS,HIGH
MATCHED,U20,GPMC0_AD3,GPMC0_AD3,GPMC0_AD3,U1-U20 AM6412-GPMC0_AD3 PASSIVE,soc_pin_name:GPMC0_AD3; ball + TI symbol pin name matched SysConfig DB,GPMC0,GPMC0_AD3,GPMC0_AD3,GPMC0,0x0048,0,AM64X_IOPAD,PINMUX_DTS,HIGH
MATCHED,U21,GPMC0_AD1,GPMC0_AD1,GPMC0_AD1,U1-U21 AM6412-GPMC0_AD1 PASSIVE,soc_pin_name:GPMC0_AD1; ball + TI symbol pin name matched SysConfig DB,GPMC0,GPMC0_AD1,GPMC0_AD1,GPMC0,0x0040,0,AM64X_IOPAD,PINMUX_DTS,HIGH
OUT_OF_SCOPE,U3,VSS_P,GND,VSS_P,U1-U3 AM6412-VSS_P POWER,no DB row,,,,,,,,OUT_OF_SCOPE,HIGH
ALT_FUNCTION_REVIEW,U4,PRG0_PRU0_GPO16,GPMC0_A4,PRG0_PRU0_GPO16,U1-U4 AM6412-PRG0_PRU0_GPO16 PASSIVE,soc_pin_name:PRG0_PRU0_GPO16; alternate function hinted by net name on same ball,PRU_ICSSG0_PRU0,PRG0_PRU0_GPO16,PRG0_PRU0_GPO16,PRU_ICSSG0_PRU0,0x01a0,0,AM64X_IOPAD,ALT_FUNCTION_REVIEW,MEDIUM
ALT_FUNCTION_REVIEW,U5,PRG0_PRU1_GPO15,GPMC0_A10,PRG0_PRU1_GPO15,U1-U5 AM6412-PRG0_PRU1_GPO15 PASSIVE,soc_pin_name:PRG0_PRU1_GPO15; alternate function hinted by net name on same ball,PRU_ICSSG0_PRU1,PRG0_PRU1_GPO15,PRG0_PRU1_GPO15,PRU_ICSSG0_PRU1,0x01ec,0,AM64X_IOPAD,ALT_FUNCTION_REVIEW,MEDIUM
ALT_FUNCTION_REVIEW,U6,PRG0_PRU1_GPO14,GPMC0_A9,PRG0_PRU1_GPO14,U1-U6 AM6412-PRG0_PRU1_GPO14 PASSIVE,soc_pin_name:PRG0_PRU1_GPO14; alternate function hinted by net name on same ball,PRU_ICSSG0_PRU1,PRG0_PRU1_GPO14,PRG0_PRU1_GPO14,PRU_ICSSG0_PRU1,0x01e8,0,AM64X_IOPAD,ALT_FUNCTION_REVIEW,MEDIUM
ALT_FUNCTION_REVIEW,V1,PRG0_PRU0_GPO18,GPMC0_A5,PRG0_PRU0_GPO18,U1-V1 AM6412-PRG0_PRU0_GPO18 PASSIVE,soc_pin_name:PRG0_PRU0_GPO18; alternate function hinted by net name on same ball,PRU_ICSSG0_PRU0,PRG0_PRU0_GPO18,PRG0_PRU0_GPO18,PRU_ICSSG0_PRU0,0x01a8,0,AM64X_IOPAD,ALT_FUNCTION_REVIEW,MEDIUM
MATCHED,V10,PRG1_PRU1_GPO12,CPSW_RGMII2_TXD1,PRG1_PRU1_GPO12,U1-V10 AM6412-PRG1_PRU1_GPO12 PASSIVE,soc_pin_name:PRG1_PRU1_GPO12; ball + TI symbol pin name matched SysConfig DB,PRU_ICSSG1_PRU1,PRG1_PRU1_GPO12,PRG1_PRU1_GPO12,PRU_ICSSG1_PRU1,0x0138,0,AM64X_IOPAD,PINMUX_DTS,HIGH
MATCHED,V11,PRG1_PRU1_GPO1,CPSW_RGMII2_RXD1,PRG1_PRU1_GPO1,U1-V11 AM6412-PRG1_PRU1_GPO1 PASSIVE,soc_pin_name:PRG1_PRU1_GPO1; ball + TI symbol pin name matched SysConfig DB,PRU_ICSSG1_PRU1,PRG1_PRU1_GPO1,PRG1_PRU1_GPO1,PRU_ICSSG1_PRU1,0x010c,0,AM64X_IOPAD,PINMUX_DTS,HIGH
MATCHED,V12,PRG1_PRU1_GPO19,CPSW_RGMII1_RXD3,PRG1_PRU1_GPO19,U1-V12 AM6412-PRG1_PRU1_GPO19 PASSIVE,soc_pin_name:PRG1_PRU1_GPO19; ball + TI symbol pin name matched SysConfig DB,PRU_ICSSG1_PRU1,PRG1_PRU1_GPO19,PRG1_PRU1_GPO19,PRU_ICSSG1_PRU1,0x0154,0,AM64X_IOPAD,PINMUX_DTS,HIGH
MATCHED,V13,PRG1_PRU0_GPO5,CPSW_RGMII1_RX_CTRL,PRG1_PRU0_GPO5,U1-V13 AM6412-PRG1_PRU0_GPO5 PASSIVE,soc_pin_name:PRG1_PRU0_GPO5; ball + TI symbol pin name matched SysConfig DB,PRU_ICSSG1_PRU0,PRG1_PRU0_GPO5,PRG1_PRU0_GPO5,PRU_ICSSG1_PRU0,0x00cc,0,AM64X_IOPAD,PINMUX_DTS,HIGH
MATCHED,V14,PRG1_PRU1_GPO9,CPSW_RGMII1_TXD1,PRG1_PRU1_GPO9,U1-V14 AM6412-PRG1_PRU1_GPO9 PASSIVE,soc_pin_name:PRG1_PRU1_GPO9; ball + TI symbol pin name matched SysConfig DB,PRU_ICSSG1_PRU1,PRG1_PRU1_GPO9,PRG1_PRU1_GPO9,PRU_ICSSG1_PRU1,0x012c,0,AM64X_IOPAD,PINMUX_DTS,HIGH
MATCHED,V15,PRG1_PRU1_GPO7,CPSW_RGMII1_TXD0,PRG1_PRU1_GPO7,U1-V15 AM6412-PRG1_PRU1_GPO7 PASSIVE,soc_pin_name:PRG1_PRU1_GPO7; ball + TI symbol pin name matched SysConfig DB,PRU_ICSSG1_PRU1,PRG1_PRU1_GPO7,PRG1_PRU1_GPO7,PRU_ICSSG1_PRU1,0x0124,0,AM64X_IOPAD,PINMUX_DTS,HIGH
OUT_OF_SCOPE,V17,VSS_P,GND,VSS_P,U1-V17 AM6412-VSS_P POWER,no DB row,,,,,,,,OUT_OF_SCOPE,HIGH
MATCHED,V18,GPMC0_AD13,GPMC0_AD13,GPMC0_AD13,U1-V18 AM6412-GPMC0_AD13 PASSIVE,soc_pin_name:GPMC0_AD13; ball + TI symbol pin name matched SysConfig DB,GPMC0,GPMC0_AD13,GPMC0_AD13,GPMC0,0x0070,0,AM64X_IOPAD,PINMUX_DTS,HIGH
MATCHED,V19,GPMC0_AD8,GPMC0_AD8,GPMC0_AD8,U1-V19 AM6412-GPMC0_AD8 PASSIVE,soc_pin_name:GPMC0_AD8; ball + TI symbol pin name matched SysConfig DB,GPMC0,GPMC0_AD8,GPMC0_AD8,GPMC0,0x005c,0,AM64X_IOPAD,PINMUX_DTS,HIGH
MATCHED,V20,GPMC0_AD6,GPMC0_AD6,GPMC0_AD6,U1-V20 AM6412-GPMC0_AD6 PASSIVE,soc_pin_name:GPMC0_AD6; ball + TI symbol pin name matched SysConfig DB,GPMC0,GPMC0_AD6,GPMC0_AD6,GPMC0,0x0054,0,AM64X_IOPAD,PINMUX_DTS,HIGH
MATCHED,V21,GPMC0_AD7,GPMC0_AD7,GPMC0_AD7,U1-V21 AM6412-GPMC0_AD7 PASSIVE,soc_pin_name:GPMC0_AD7; ball + TI symbol pin name matched SysConfig DB,GPMC0,GPMC0_AD7,GPMC0_AD7,GPMC0,0x0058,0,AM64X_IOPAD,PINMUX_DTS,HIGH
ALT_FUNCTION_REVIEW,V4,PRG0_PRU0_GPO14,GPMC0_A3,PRG0_PRU0_GPO14,U1-V4 AM6412-PRG0_PRU0_GPO14 PASSIVE,soc_pin_name:PRG0_PRU0_GPO14; alternate function hinted by net name on same ball,PRU_ICSSG0_PRU0,PRG0_PRU0_GPO14,PRG0_PRU0_GPO14,PRU_ICSSG0_PRU0,0x0198,0,AM64X_IOPAD,ALT_FUNCTION_REVIEW,MEDIUM
ALT_FUNCTION_REVIEW,W1,PRG0_PRU0_GPO19,GPMC0_A6,PRG0_PRU0_GPO19,U1-W1 AM6412-PRG0_PRU0_GPO19 PASSIVE,soc_pin_name:PRG0_PRU0_GPO19; alternate function hinted by net name on same ball,PRU_ICSSG0_PRU0,PRG0_PRU0_GPO19,PRG0_PRU0_GPO19,PRU_ICSSG0_PRU0,0x01ac,0,AM64X_IOPAD,ALT_FUNCTION_REVIEW,MEDIUM
OUT_OF_SCOPE,W10,VSS_P,GND,VSS_P,U1-W10 AM6412-VSS_P POWER,no DB row,,,,,,,,OUT_OF_SCOPE,HIGH
MATCHED,W11,PRG1_PRU1_GPO0,CPSW_RGMII2_RXD0,PRG1_PRU1_GPO0,U1-W11 AM6412-PRG1_PRU1_GPO0 PASSIVE,soc_pin_name:PRG1_PRU1_GPO0; ball + TI symbol pin name matched SysConfig DB,PRU_ICSSG1_PRU1,PRG1_PRU1_GPO0,PRG1_PRU1_GPO0,PRU_ICSSG1_PRU1,0x0108,0,AM64X_IOPAD,PINMUX_DTS,HIGH
MATCHED,W12,PRG1_PRU1_GPO4,CPSW_RGMII2_RX_CTRL,PRG1_PRU1_GPO4,U1-W12 AM6412-PRG1_PRU1_GPO4 PASSIVE,soc_pin_name:PRG1_PRU1_GPO4; ball + TI symbol pin name matched SysConfig DB,PRU_ICSSG1_PRU1,PRG1_PRU1_GPO4,PRG1_PRU1_GPO4,PRU_ICSSG1_PRU1,0x0118,0,AM64X_IOPAD,PINMUX_DTS,HIGH
MATCHED,W13,PRG1_PRU0_GPO8,CPSW_RGMII1_RX_CLK,PRG1_PRU0_GPO8,U1-W13 AM6412-PRG1_PRU0_GPO8 PASSIVE,soc_pin_name:PRG1_PRU0_GPO8; ball + TI symbol pin name matched SysConfig DB,PRU_ICSSG1_PRU0,PRG1_PRU0_GPO8,PRG1_PRU0_GPO8,PRU_ICSSG1_PRU0,0x00d8,0,AM64X_IOPAD,PINMUX_DTS,HIGH
MATCHED,W14,PRG1_PRU1_GPO10,CPSW_RGMII1_TXD2,PRG1_PRU1_GPO10,U1-W14 AM6412-PRG1_PRU1_GPO10 PASSIVE,soc_pin_name:PRG1_PRU1_GPO10; ball + TI symbol pin name matched SysConfig DB,PRU_ICSSG1_PRU1,PRG1_PRU1_GPO10,PRG1_PRU1_GPO10,PRU_ICSSG1_PRU1,0x0130,0,AM64X_IOPAD,PINMUX_DTS,HIGH
OUT_OF_SCOPE,W16,SERDES0_REFCLK0N,SERDES_REFCLK_N,SERDES0_REFCLK0N,U1-W16 AM6412-SERDES0_REFCLK0N PASSIVE,soc_pin_name:SERDES0_REFCLK0N; power/ground/analog class pin,SERDES0,SERDES0_REFCLK0N,SERDES0_REFCLK0N,SERDES0,NOT FOUND,0,AM64X_IOPAD,OUT_OF_SCOPE,HIGH
OUT_OF_SCOPE,W17,SERDES0_REFCLK0P,SERDES_REFCLK_P,SERDES0_REFCLK0P,U1-W17 AM6412-SERDES0_REFCLK0P PASSIVE,soc_pin_name:SERDES0_REFCLK0P; power/ground/analog class pin,SERDES0,SERDES0_REFCLK0P,SERDES0_REFCLK0P,SERDES0,NOT FOUND,0,AM64X_IOPAD,OUT_OF_SCOPE,HIGH
OUT_OF_SCOPE,W18,VSS_P,GND,VSS_P,U1-W18 AM6412-VSS_P POWER,no DB row,,,,,,,,OUT_OF_SCOPE,HIGH
MATCHED,W20,GPMC0_AD11,GPMC0_AD11,GPMC0_AD11,U1-W20 AM6412-GPMC0_AD11 PASSIVE,soc_pin_name:GPMC0_AD11; ball + TI symbol pin name matched SysConfig DB,GPMC0,GPMC0_AD11,GPMC0_AD11,GPMC0,0x0068,0,AM64X_IOPAD,PINMUX_DTS,HIGH
MATCHED,W21,GPMC0_AD12,GPMC0_AD12,GPMC0_AD12,U1-W21 AM6412-GPMC0_AD12 PASSIVE,soc_pin_name:GPMC0_AD12; ball + TI symbol pin name matched SysConfig DB,GPMC0,GPMC0_AD12,GPMC0_AD12,GPMC0,0x006c,0,AM64X_IOPAD,PINMUX_DTS,HIGH
ALT_FUNCTION_REVIEW,W6,PRG0_PRU0_GPO9,SOC_UART2_RXD,PRG0_PRU0_GPO9,U1-W6 AM6412-PRG0_PRU0_GPO9 PASSIVE,soc_pin_name:PRG0_PRU0_GPO9; alternate function hinted by net name on same ball,PRU_ICSSG0_PRU0,PRG0_PRU0_GPO9,PRG0_PRU0_GPO9,PRU_ICSSG0_PRU0,0x0184,0,AM64X_IOPAD,ALT_FUNCTION_REVIEW,MEDIUM
MATCHED,Y10,PRG1_PRU1_GPO16,CPSW_RGMII2_TX_CLK,PRG1_PRU1_GPO16,U1-Y10 AM6412-PRG1_PRU1_GPO16 PASSIVE,soc_pin_name:PRG1_PRU1_GPO16; ball + TI symbol pin name matched SysConfig DB,PRU_ICSSG1_PRU1,PRG1_PRU1_GPO16,PRG1_PRU1_GPO16,PRU_ICSSG1_PRU1,0x0148,0,AM64X_IOPAD,PINMUX_DTS,HIGH
GPIO_CANDIDATE,Y11,PRG1_PRU1_GPO15,CPSW_RGMII2_TX_CTRL,PRG1_PRU1_GPO15,U1-Y11 AM6412-PRG1_PRU1_GPO15 PASSIVE,soc_pin_name:PRG1_PRU1_GPO15; net or connected circuit suggests GPIO-style usage,PRU_ICSSG1_PRU1,PRG1_PRU1_GPO15,PRG1_PRU1_GPO15,PRU_ICSSG1_PRU1,0x0144,0,AM64X_IOPAD,GPIO_CANDIDATE,MEDIUM
MATCHED,Y12,PRG1_PRU1_GPO3,CPSW_RGMII2_RXD3,PRG1_PRU1_GPO3,U1-Y12 AM6412-PRG1_PRU1_GPO3 PASSIVE,soc_pin_name:PRG1_PRU1_GPO3; ball + TI symbol pin name matched SysConfig DB,PRU_ICSSG1_PRU1,PRG1_PRU1_GPO3,PRG1_PRU1_GPO3,PRU_ICSSG1_PRU1,0x0114,0,AM64X_IOPAD,PINMUX_DTS,HIGH
MATCHED,Y13,PRG1_PRU1_GPO18,CPSW_RGMII1_RXD2,PRG1_PRU1_GPO18,U1-Y13 AM6412-PRG1_PRU1_GPO18 PASSIVE,soc_pin_name:PRG1_PRU1_GPO18; ball + TI symbol pin name matched SysConfig DB,PRU_ICSSG1_PRU1,PRG1_PRU1_GPO18,PRG1_PRU1_GPO18,PRU_ICSSG1_PRU1,0x0150,0,AM64X_IOPAD,PINMUX_DTS,HIGH
OUT_OF_SCOPE,Y14,VSS_P,GND,VSS_P,U1-Y14 AM6412-VSS_P POWER,no DB row,,,,,,,,OUT_OF_SCOPE,HIGH
OUT_OF_SCOPE,Y15,SERDES0_RX0_N,SERDES_RX_N,SERDES0_RX0_N,U1-Y15 AM6412-SERDES0_RX0_N PASSIVE,no DB row,,,,,,,,OUT_OF_SCOPE,HIGH
OUT_OF_SCOPE,Y16,SERDES0_RX0_P,SERDES_RX_P,SERDES0_RX0_P,U1-Y16 AM6412-SERDES0_RX0_P PASSIVE,no DB row,,,,,,,,OUT_OF_SCOPE,HIGH
OUT_OF_SCOPE,Y17,VSS_P,GND,VSS_P,U1-Y17 AM6412-VSS_P POWER,no DB row,,,,,,,,OUT_OF_SCOPE,HIGH
OUT_OF_SCOPE,Y19,VSS_P,GND,VSS_P,U1-Y19 AM6412-VSS_P POWER,no DB row,,,,,,,,OUT_OF_SCOPE,HIGH
MATCHED,Y20,GPMC0_AD15,GPMC0_AD15,GPMC0_AD15,U1-Y20 AM6412-GPMC0_AD15 PASSIVE,soc_pin_name:GPMC0_AD15; ball + TI symbol pin name matched SysConfig DB,GPMC0,GPMC0_AD15,GPMC0_AD15,GPMC0,0x0078,0,AM64X_IOPAD,PINMUX_DTS,HIGH
MATCHED,Y21,GPMC0_AD14,GPMC0_AD14,GPMC0_AD14,U1-Y21 AM6412-GPMC0_AD14 PASSIVE,soc_pin_name:GPMC0_AD14; ball + TI symbol pin name matched SysConfig DB,GPMC0,GPMC0_AD14,GPMC0_AD14,GPMC0,0x0074,0,AM64X_IOPAD,PINMUX_DTS,HIGH
ALT_FUNCTION_REVIEW,Y4,PRG0_PRU1_GPO12,GPMC0_A7,PRG0_PRU1_GPO12,U1-Y4 AM6412-PRG0_PRU1_GPO12 PASSIVE,soc_pin_name:PRG0_PRU1_GPO12; alternate function hinted by net name on same ball,PRU_ICSSG0_PRU1,PRG0_PRU1_GPO12,PRG0_PRU1_GPO12,PRU_ICSSG0_PRU1,0x01e0,0,AM64X_IOPAD,ALT_FUNCTION_REVIEW,MEDIUM
MATCHED,Y7,PRG1_PRU0_GPO0,VSEL_SD_SWITCH,PRG1_PRU0_GPO0,U1-Y7 AM6412-PRG1_PRU0_GPO0 PASSIVE,soc_pin_name:PRG1_PRU0_GPO0; ball + TI symbol pin name matched SysConfig DB,PRU_ICSSG1_PRU0,PRG1_PRU0_GPO0,PRG1_PRU0_GPO0,PRU_ICSSG1_PRU0,0x00b8,0,AM64X_IOPAD,PINMUX_DTS,HIGH
MATCHED,Y9,PRG1_PRU0_GPO15,TEST_LED1,GPIO0_60,U1-Y9 AM6412-PRG1_PRU0_GPO15 PASSIVE,board_mux_decision:test_led1_gpio_on_prg1_pru0_gpo15; explicit board-level override,GPIO0,GPIO0_60,PRG1_PRU0_GPO15,GPIO0,0x00f4,7,AM64X_IOPAD,PINMUX_DTS,HIGH
